PC1,PC2,PC3,PC4,PC5,PC6,PC7,PC8,PC9,PC10,NObeyesdad
-5.478877654096908,-1.0432679751786846,1.019304281821356,0.3809204476398246,-0.6094264005017525,1.1772366374803591,-0.60855057649277,-0.37916829582669753,0.24178708510335856,0.4314059633976032,2
1.2806952322290102,-0.0021527714461732073,-1.4943026584358303,0.7105414814272293,-0.7679004804218478,0.07641473775181251,-0.8088339053268058,-0.8752987421142908,0.44707647988415644,-0.18581258531208972,1
0.8178683973083541,-2.0517875250661444,-0.7382832783029596,-0.6436017758887296,0.45655162235314883,0.8075736006020933,-1.5354279659912224,0.2197856495935271,0.3048072736074534,0.004625246929776783,1
0.5530410816945792,-2.601515498337271,1.1297062754675906,-0.7539309645570806,1.1689052283659007,-0.10265588679258009,0.36192104088625654,-0.40327127990778044,0.6079123359484413,0.0698189323866884,1
-5.195046461412108,-0.5149887313226297,-0.8079283294972774,-0.03265198984214557,0.0701093908312743,0.2478926538061752,0.5698919326889867,-0.30438487553393534,0.21562724040808545,-0.702688504808731,3
0.9674253907020842,-0.29240386845012845,0.12904184040458877,-1.443095580329379,-0.9427767854300678,1.3515274458758093,0.5345916892795869,-0.5805342984476236,-0.17484562694675976,0.1527856713801593,6
0.8585931684754756,0.17251118926305076,0.5390048529776926,-1.4694896572488025,1.3291440949677833,0.4822507654682662,-0.03500858913769017,-0.056165770808566884,0.16855210298845957,0.04367748640892127,6
-4.365179042007356,3.3001339611074623,-0.935632653575845,2.496010824454261,0.5718606598031395,0.28956653774315666,0.24052795806958763,0.26924300467112705,0.7768890982079277,1.1968567906763028,4
0.8958251117460996,0.23305674606751225,0.3181423612180345,-1.2649805691267526,1.4455118522903665,0.3906750668717365,0.06503254305697725,0.07778518109418808,0.3115678251157581,0.04200538198206327,6
0.938217038796413,0.1207758788677088,-0.08709746141709263,-0.9811544773373801,1.0379761027092063,-1.102027767104182,-0.2816281883966555,0.4552723299425645,-0.11866977375583687,0.18957416114842215,3
1.2614416796159649,1.0781046905864322,-1.4747176040815082,-0.8361154244947107,0.8382156450637426,0.9079894896673739,0.5455965772842194,-0.19089703344893794,0.1728588975938865,0.05471221929680353,6
0.987381170220231,-1.1521140564879642,-0.8470437457286075,1.33284185342785,1.318897525319693,0.08138397491236415,0.09420659532746645,0.09298190711696852,0.7394932620422905,-0.8933266637336235,0
0.8271000555261078,-0.8179124433878704,0.6567132297750047,-0.44586488211705855,0.053162014846380556,-1.230058826097438,-0.5284137652818234,0.47077935907352375,0.2873740232542885,-0.7902486565694979,1
2.7527003538453023,-1.617524568556794,-0.5427228217870974,1.0754492846698718,-0.07748044848715854,0.08899999803296854,-0.059880582664276816,-0.32223149017499164,0.5949299334208855,0.3479019937282337,0
0.9565862921869147,-1.7600636823132034,-0.524691463325045,1.230456936061931,0.09649740665194398,0.1074528713485512,-0.22322738834323674,-0.2678537009606772,0.9420586165646334,0.17453953180179155,0
1.1017718668294647,-0.9800258997912504,-0.6047049033895029,1.02051011303934,-1.984390429362722,0.3199002203177599,-0.8928162398564136,-0.9287986676284707,0.18456392786051534,-0.906683757282313,1
-2.0193228309467166,0.8238575144169286,0.37275761090471893,0.751763887703614,-1.5354895033953921,1.611518712553328,-0.6816333286764097,0.603195531074171,-0.3088626726235919,-0.7118240701654333,5
1.3759936917673028,-1.5954903460988152,-3.7160678871593955,1.4344847600123976,0.22712195100425833,-0.3964344693660864,-0.6183715224284431,0.8807316950088504,2.1291714835447633,-0.42001093513853954,0
1.2367734261034393,1.8422800003562654,-0.09491650892215198,-0.7323085669222822,-1.5092867689024168,0.12247123206806898,-0.9571697994440617,0.5172487457322016,-0.04141571981596526,0.06630965905719372,5
-4.480374055230755,1.336344905781262,-0.3845088024641714,0.10056158750561839,-0.8467982016609037,-0.31144284984551107,-0.9638104162050057,0.5090291748956002,0.10168452870323286,0.1903195333045885,3
0.6320150553389811,-2.8984653944110317,0.9706111682138416,0.10201736202224121,-0.7095571092710034,0.4457290933494822,1.1309895560833443,0.16764046950347167,0.7381100397584133,-0.7653162511035112,1
0.889476926004208,-0.6232600096055328,-0.48788794446276884,0.8647302043076711,1.1265969232703104,1.0634469886310958,-0.04743719549209241,0.2525371193888849,-0.992879966224977,-0.3616921386939777,4
1.081197168011249,1.86162969782159,1.601858429660657,0.7708456548308273,-1.4443107895786225,-0.6652908498056168,0.0008521107032197772,0.30497988757347305,0.22070066003352506,0.22428132888509827,3
0.7615528367064143,-1.5944554739125274,0.6925804215089584,-0.39597320095917254,0.4426493158846827,-0.812688783772191,-0.294537173978088,-0.3413572601297703,0.9458286265275682,-0.9653242460463602,0
-5.319908163165364,-2.0560708770697245,1.3246836908955764,-0.6231786163108042,-0.43725977903345237,0.21969762172530083,0.48699908078216014,0.2709075936912383,-0.5222476168673349,-0.3689536644836146,3
1.204681404498419,1.7550087404368493,0.03723166131769684,-0.7331166885233773,-1.4441221347202828,0.2809019857018884,-0.729467531587047,0.6911231451462702,0.08726200133044903,0.07019006898562669,5
0.8211187068014121,1.6545858886714946,2.2720731685889524,0.6144915786809706,2.2856680268567278,-0.4959745699255678,-0.6282543042896803,-0.09358270837136473,0.45670192468889637,-0.8480550210662416,3
0.9467594289772093,-0.1743149648325466,0.17637353807405265,-0.6581369906888315,0.5822587036780394,-0.159515962165531,-0.12468971594096334,0.18927841509892918,0.734462115622998,1.0671355508615468,3
-0.06076528338550058,-0.22922909502037775,-0.052417410772099604,-0.18257876517800398,-0.8163109077256262,-0.09751724431374353,-0.36717129710743446,0.0894773553595678,-0.12866364151802756,0.22690812897469703,3
0.8493137702854248,1.8162265394497301,2.158707356910636,0.4531803712571788,2.18870474330798,-0.5420290842213868,-0.35987406549963386,-0.06650852854826125,0.3131619406819919,-0.9152096964814556,3
-1.733031930780287,0.5934932297583938,0.6696944955840765,-0.5340521582779039,-1.1147093161172392,0.5280418665567781,-0.0542060975798207,0.751016189222137,0.18952645045070016,-0.8590485093973825,5
1.052314918365527,-0.7706434565675774,-1.7105836798994967,-0.5829733814581473,1.1730199804087604,-0.2897116432745962,-1.3300557967376871,1.2854580195623375,0.615774789884683,0.20643398613526265,1
1.1812371003575004,0.609522765125326,-0.816329112199792,-0.7556881267600866,-0.5432829062719041,1.4392564096488967,0.6119236049378586,-0.17534611303582714,0.12231259760308699,0.1181496000703865,6
3.1874085048456196,0.40932367969552064,-1.882322946863172,0.5804495831584978,0.45709070700032584,-0.3274794223330628,-0.5171011019469806,-0.2242200550381095,-0.30077266981456985,0.1730267685938371,2
0.009607716984197379,1.3867982898619768,-1.1695275103362985,-0.6342830030430047,-1.2159974882545455,0.21912262398264137,-0.670085255624315,-0.5144240311980641,-0.1476682181692346,-0.02818811634734225,5
-2.4503359304814274,1.6323153792408625,0.5066698076600444,1.7587328658292418,0.1394748493084096,0.4702448102061103,0.15231363113705754,-0.31246417592283166,-0.33583710998943284,0.4074505685807177,4
1.4314970620146847,1.5498436001908247,-2.01847250960086,-0.8239082617858517,-0.2329422209788732,1.3529190839599592,0.7252286419043731,-0.3444948521780331,0.10552503328422347,0.03863280791125795,6
0.8274957740623052,-1.1819839231339775,0.23650308643966522,-0.6327939525574056,0.012235682890964425,-1.3426754008134254,-0.14917832167235445,0.15127065465841183,-0.32520614801557146,-0.5333247338149656,1
1.1837544881660342,2.25217007944756,0.7662233698947728,0.0667516802305097,-0.30653865337262043,-0.19725051323601472,0.3588405835012536,-0.37847182377467814,-0.10310512668271476,0.128313894473138,5
1.272503585359936,0.2624250879988592,-2.0668617768466913,0.9831618974144553,0.8030434483859558,0.08769659500938354,-0.1255271627211635,0.021496521862614082,-0.33444323876263127,0.31138546344089735,3
0.9197589164290372,0.2707051695782495,0.24051207284905174,-1.2192897855264608,1.3044408756009007,0.3562006535529154,0.11297252862279727,0.1131325658322283,0.3867820035710605,0.032575743747516706,6
0.6819380701527598,-1.7990409145252921,1.1110774727039567,0.4872398499353262,-0.9550481843340555,0.15184158637738743,-0.8661613203108215,0.08480908673821208,-0.8649073454089695,-0.38074057802496636,1
0.6965965032168251,-1.5866546192687156,0.786676398560133,-0.7054029092285885,0.6138172643041673,-0.58805949700107,0.16349331197202333,0.33942931983494684,-0.3458883548631939,-0.5745483069982598,1
1.2695239313199647,0.21804515962084103,-2.0817614869060286,1.517433164947883,0.9866291044566976,0.7784049519162815,-0.25718852907168055,-0.0057276529360639206,-0.5983407220000745,0.5134595780574459,3
1.3533650718323091,1.2553778969940783,-1.7562405688713867,-0.4113594822779296,0.14880450740674386,1.260583215752632,0.52027177585235,-0.199808408829794,0.1713735523815889,0.07331914830022168,6
1.1360560062543121,2.1722037924769126,0.9143375258604978,0.20255217013577376,-0.02771340538757977,-0.18548526352452932,0.351882770266901,-0.12244648040779285,-0.27303960710565844,0.23417675512262806,5
0.9816896104275932,-1.247678885435218,-0.41527859323403704,0.06675372324994922,-0.2524230791214024,-1.10731265401464,-0.21431345179457295,-0.4087132972461698,0.6974513755817204,-1.1274080920393588,0
-4.895830493239372,3.507346879567403,0.34377569885979736,1.46515420302889,0.9288897193738168,-1.0082748868519418,-0.8447469341152632,0.2694323016655411,0.6897498500732246,-0.027874612924610076,3
-4.20849859062747,2.424913349654952,1.625594221099209,1.0340989995382028,-0.019994862440195937,-0.42891724413472365,-0.43670678950306263,0.21620753120045566,-0.12296427917022523,-0.712889364716913,3
0.9447236929085107,-0.6239910085152892,0.34760327820600734,-0.928532360526398,-1.4668691416782482,0.16726012594758166,-0.09655404237565002,-0.245175896357525,-0.36314222644861394,0.33129761435666316,4
0.9951003098227913,-0.39499585657685776,-0.8246774126059393,0.9892953225937046,1.2351809817400836,0.9197410599864446,-0.06935416466144029,0.24906306646540677,-0.8713589535985855,-0.4042284396363868,4
0.8752231416441452,0.36203646234970144,0.4951008880674309,-1.5449235976450348,1.4366856277370736,0.5441860109996466,-0.19303580423011524,-0.16501338741475924,0.04996490844931456,0.028870639483334126,6
1.302337858615253,0.3843036859061395,-1.9572593387439257,0.8512799998610611,0.33863453463966575,0.05013940179674781,-0.4919572478943468,-0.4366811135292743,-0.060333423741798065,0.11089601309725272,2
-5.198957338882321,-0.05839478502500539,-1.254498226538159,0.2763551172568547,1.4948058973689817,-0.5282598377666159,-0.3894156753390474,-0.1354344464386259,-0.9426181060939132,0.7780960063519073,2
1.4189865782327296,0.8486045183769774,-1.4907034412878335,0.7496043480249108,-1.2518134116199557,-0.4045519256413559,-0.08495220113123603,0.48811168829624263,2.154907587995781,0.6091747942621993,1
-0.8727491825912036,1.3669917020882143,0.6847457308903857,1.2755300429749314,0.3323206806277649,-0.03756791818643079,0.1488546468017593,-0.325053060342163,-0.6016845748078588,0.4529152100609004,4
0.7438154461704833,-0.49621200633134166,1.5187872857301732,-1.472342382077046,-0.6657574178410198,0.9901722702807121,-0.05296362393632953,-0.11499123713382842,0.153814676200982,0.09385448625757625,6
-4.6974913462119945,-2.3894983065656925,0.5969477363136175,0.9558767722958301,-0.6059456433312026,0.8623156366416584,-0.6036347384930957,-0.8148462234340452,0.3334489148065991,0.3519149668188363,0
1.1799723042189765,0.4973101087362669,-0.883154612170894,-0.8580401838539669,-0.5097074464521725,1.2760581663945592,0.6558019826460045,-0.2735826477051284,0.12229796250001224,0.11031608665858561,6
0.868215221891391,-1.6065561571906395,-0.8759762270688636,2.037836568766086,2.27260821052956,1.6446694917732747,-0.07841413841100853,-0.15121637822512723,-0.21872582240480565,0.5065706296144988,1
0.9185098711645343,-0.9949102720674711,-0.16890974269396863,-0.17314899537313455,1.2903408920931378,-2.208969976116017,0.08508913946904861,0.8862322781081704,1.209076788519584,-1.1469094173122911,0
0.9464396467053501,-1.1621565641497118,0.029492541033520392,0.24171485692275296,-1.794427093212509,-0.5722568879586022,-0.8860721405604491,-0.48296944188924495,-0.7435054888002044,-0.4907429518200335,1
-5.143316943064054,1.5737362939830244,1.5810421677307964,2.1653296454423265,0.5854010952779426,1.1180046164760535,0.0940009965727111,0.43260989972393227,-0.25147747155243216,0.6628116490971614,4
-2.3142830239797187,0.85804045333555,0.4670400269389664,0.442482810651202,-1.536966196646429,1.3522892730205165,-0.7167383520462957,0.531635391251607,-0.2649484904169186,-0.7524714330625086,5
1.284462147454993,0.8582658253845078,-1.8302440558337907,-0.8143638155369504,0.9311673573247383,0.9119683199842645,0.568405845021949,-0.5496004463237003,-0.07171821967622227,0.0910851977530876,6
-4.029571244338413,1.0113102313790412,-2.2995255360663522,-0.5267218179287929,-0.4594744755494745,-0.9126998653081959,0.6807928815253933,0.16184237573374316,-0.210394281381582,-0.6973091399020321,4
0.8662301853050315,0.32853121273995356,0.46473931537163726,-1.523763626067858,1.6495220492810971,0.5135647442682574,-0.13157208456928815,-0.11054457689549113,0.06609507353675292,0.038932897062814,6
0.9203385055751058,1.0519489214350797,1.5170444483559138,0.21973179061582893,0.3831143750154399,-0.7447914844863676,0.01200305301597615,-0.36327962658999324,-0.734137996054673,0.40141060254045446,4
1.0023609756095573,0.9098427901645195,-0.055277744578279275,0.29513589807022356,-1.7294219942052327,-0.004910838166736653,-0.6222364781503432,0.898417054011387,0.3002647538566219,0.16080988249836503,3
0.8697161222646924,-1.8471296471344298,-1.077699776114389,-0.9070239608131276,-0.08585709916787607,0.1156543423496259,-0.03336538380818277,1.9065287706794354,0.016128822262253095,-0.6715482327929108,3
-0.4233791531109813,-0.9131632832723621,-0.45457554646406817,-0.1948982156408925,-0.883308808113926,-0.19502538778769307,0.12981389433480184,-0.02228511814976364,-0.6848843253423527,-0.6072196112170143,3
1.1106465544419386,-0.3555958402745837,-0.913699123560735,-0.1033976242484741,-0.293055408842925,0.11936737848239454,-0.46270939420732204,-0.7531167132526635,-0.06479517136181467,0.00036442430678496063,3
1.405787110670662,1.131098117564362,-2.1304836845294055,-0.587571369051324,-0.10026143172622023,1.1834074103833656,0.6895354616509878,-0.5160350132506921,0.050723403430363856,0.07554475778498915,6
1.0995489603636095,1.7084554221642532,0.5318806536012398,2.0327555044373717,1.0472870321408894,-0.2328312466672089,0.20440062740702447,0.49211447256350194,-0.5204727074653506,-0.4856231207293528,3
-5.252321253388349,-0.3031769962081604,-0.6315465319021429,0.01753955664619966,0.20837792150103804,-0.3932599237816641,-0.48139666562995576,-0.2447299901338713,-0.9169655004498916,0.75569634056712,2
0.35693382744847224,1.5295750311640064,3.16216873958761,0.778878059286039,1.855629488336214,0.10082979490290844,-0.32006107058553523,0.800162012307922,-0.2619191905550866,-0.557146541931488,4
1.203682974246882,1.628370500039928,0.019503452795169962,-0.7891820858945209,-1.3973502326552245,0.546499208020069,-0.09073838055044947,0.7921517655189148,0.858658623279446,-0.1150594108291993,5
0.9223351070955762,2.2776370644834385,2.5372498532073644,0.7677894383905703,-1.357561515243827,0.45421468158208134,-0.4247284364596732,0.47627943643436454,-0.46339986279453393,-0.6817237691049396,5
-2.45470567206987,0.5779233724197194,-0.6081300204561384,-1.111193816023862,-0.9649083002919416,-1.360422560643404,0.20206980870859492,0.49543554233831655,0.46830877768961665,0.1191505518719605,3
0.836597184234943,-0.9513248731807066,-0.2576699012144805,0.0691737237919472,2.0172644517201843,-0.0720033241890976,-0.3005251357192611,-0.043656652212178404,-0.6506323573769859,0.4913621013269671,2
-5.129982467953919,-0.77262280348415,-1.7022396316252422,0.6394066478323865,1.1881667788400914,-1.296462201832406,-0.482346830100712,-0.576638508872088,-0.39766494194787505,-0.7106687701518404,0
1.0905697467292477,0.4514416629752832,-0.4117938255624496,-0.5616940354033999,-0.1995470647397071,0.43277174037841193,-0.5598037394151921,-0.4502112949064119,-0.12419855133404756,-0.0010599553819833907,4
0.911235505635888,0.5262015574134066,0.3085517325520578,-1.5182030520496748,1.6342740283867527,0.4198479847955374,-0.3036618677097679,-0.22682914348258665,0.050387851909602155,0.0028927648231964476,6
0.8884241310155546,0.4428305562936311,0.4222216282164971,-1.527614836389047,1.553899401505039,0.5113323589620054,-0.30874683817263915,-0.24013374309894497,0.0010880005184534802,0.018506026907731177,6
-5.255397964040898,-1.2954243123387528,-0.936744185652661,-0.03966263974269624,0.055670779216950725,-0.2842793083312487,1.2670361969683293,0.11698649486011248,-0.03169340496004658,-0.40888107319297046,2
0.6544747861983371,-2.777919642625113,0.9819826267455123,0.7340802670921893,-0.5262594186842797,0.8314302573350809,-0.7261683513219684,-0.9753513755143954,0.41158744538172254,0.21722362961399233,0
1.0101832268942976,0.6193977303197423,-0.1672830553557474,-1.2774574498613165,1.2884619382469527,0.41161933455687083,-0.2689958877666404,-0.362798335739938,0.07289912801531706,-0.0035012293106858605,6
1.1444514953385236,0.41139875114815494,-0.7323069424546695,-0.6154605855483244,-0.5442111374452036,1.7299264945044006,0.7199637152872923,-0.13279882862449632,0.00961795741673388,0.18288077572445266,6
0.9689215055151552,-1.4317825154885702,-1.4578941257589502,1.99874438179623,1.7167029406065688,0.8285796134236489,0.10399845870302504,0.05806189792923733,-1.1695190558284934,-0.18230613923193378,1
0.9799113697549166,0.0226733817022835,0.12015360148677157,-0.5934389713698929,-0.10095777025426936,-0.44271165243427724,-0.4679657379728248,0.11788963295774446,0.1898027268268203,0.053223833893601524,3
-1.952146362584661,0.9923390320014579,0.5694725983760318,0.5356751152456992,-1.5621582967923406,1.3291657517865805,-0.8442209621412428,0.72202805159505,-0.33572696591728324,-0.7160994855090359,5
1.2913129132152121,1.195257502897784,-1.5422396900058624,-0.8339115909591317,0.7283688439958048,0.8032220174120384,0.5214995880926426,-0.16797243365264403,0.26638895063036205,0.025081042604882253,6
1.0425725782099746,-0.21448734255012725,-0.8854036023893259,0.4983157225589435,0.9596801514466489,-0.3048719065303138,-0.5303802328382896,0.148882442078502,-0.57067151617891,0.3770109822411971,2
4.189946579515829,-0.3943254943712825,-0.24093012139041292,1.933178483962714,0.32188804973042917,-1.372077654278495,1.4800067303125748,0.02406229264328448,-0.275071835098434,-0.4128203839226184,0
1.3557447587406732,1.3328004790021413,-1.811801021601805,-0.9384491667596959,0.39567486761770765,-1.000316968540386,0.17871694602799615,0.3173130395077691,0.02157567899758117,0.09372080064992605,4
-5.198957338882321,-0.05839478502500539,-1.254498226538159,0.2763551172568547,1.4948058973689817,-0.5282598377666159,-0.3894156753390474,-0.1354344464386259,-0.9426181060939132,0.7780960063519073,2
0.7782728757603409,-1.147601409890823,0.1995519761141531,-0.2019198148244885,0.7148652461838182,-0.27611574749269907,0.15234109226176096,0.6067338660301298,-1.3035863568400505,0.9301518956331596,2
-5.15547724145723,-0.4705458772333534,-0.9165420845304488,0.7477225291345967,-0.008223330300483694,0.3425261138800264,0.9577348543805765,1.1247708020956604,-0.7827061333569214,-0.06468236423638701,4
1.1175449576760064,1.1555369396224289,-1.1259885533483505,-0.3460313331834908,-0.15040431800175588,0.4896459094762349,-0.3222284831855662,-0.04287943666474181,-0.22685004042112666,0.08923159387913604,5
-3.6420723396557686,0.8507148772542005,2.365810206291907,0.17679273888793867,-0.9797217120807433,-0.34429892228888914,0.13820597008088542,-0.476949554637321,0.16945123940041462,0.3213443657239249,2
1.048060738706528,-0.7773885875683715,-0.823787278687639,0.4401074253310915,-0.29588673447719327,-0.115914884473586,0.10435831850855537,0.33503489197175496,-0.3023349683537324,0.37739169539669165,3
-5.063793991989146,0.3693961140754791,-1.632328063651175,0.09546322297389209,1.1703907369244506,-0.30398717608991543,0.5017257834884524,0.2916911490436379,-0.2691608071969931,-0.6165668679346017,4
-2.478808712995129,-2.017223919773042,0.42505527030756063,-0.12083378979377546,1.2492378799063306,-0.36249868408499575,-0.2064117814878047,-0.7256501953093901,-0.060500646688335546,-0.5521836312929909,0
0.03151586576929599,1.9127965443080295,0.3356441930720998,1.979512463980116,-0.8231765812015445,-0.1506870073258647,-0.05260198706853958,-0.29458173269591054,0.2504144456374702,-0.6856780370862257,2
0.9058457437092156,-0.5269023669580234,0.2253099303914391,-0.5939947387063238,-0.06233188091566104,-0.8817778522085135,0.11906932041627039,0.7139157687097896,0.13014454233209705,0.26675908544200577,2
0.4173812008144182,-2.3491339260726596,1.7305969455841461,-0.4004231209437241,0.49647711931226546,0.4856143703231306,0.10995799812048024,0.38398209536306965,-0.8778620130304844,-0.3661797167581267,3
-5.082895500666103,0.2414140390824726,-0.9391840521862347,0.025931050151208,-0.2611401606997885,-0.13526802755074085,-0.5060070783934986,-0.3948961743044017,-0.25077732684419507,0.3680841071184861,2
1.180169314044623,2.092725038388139,0.6147249238375428,0.2609770109024864,-0.05197457070083532,-0.09424348242879366,0.8587357036131791,-0.06174387380248145,0.16667377941744288,0.15171743348528793,5
0.872301150900182,0.35180268390889413,0.44514198715506437,-1.5212208983315516,1.639191040759739,0.4976715924637376,-0.15216722486606804,-0.1237154306578806,0.06861082351016501,0.033830549163449575,6
1.1643370757094762,0.4417056975821497,-0.7738369374605354,-0.7151635288065281,-0.7019903562136285,1.5487477600443198,0.6207285216929815,-0.26288063727542244,0.03272790678568427,0.14589175719517794,6
1.11493921922177,0.18177548972770685,-0.664572682167035,-0.8032006469979391,-0.2881716911641302,-1.1054632232897497,-0.8350553962477939,-0.44352682756695727,-0.44571737376090637,0.13696382464464912,2
1.3176228131854097,1.5036446918660276,-1.3398456395695983,-1.7241871449532342,-0.026587557284124833,0.8377145889967039,0.4179631950751713,-0.5669881781142592,0.06147044350940112,-0.0626433581017189,6
1.1810508386554432,0.47485809770463583,-0.7259499105878182,-0.5174192446206616,-1.1741115637125523,1.8639098394254126,0.6417014651493399,-0.19371199315190846,0.023745360334837873,0.17164256992895044,6
-5.074345161228727,0.20726436117995717,-1.6348744916852798,0.18975247218238112,1.3366334952252725,0.11776158998421749,0.6790156807367854,0.1409837209265813,-0.12762710912880992,-0.5564563794581103,4
-5.536187951627619,-2.0645507513604007,0.6162797055400591,-0.30304504153559364,0.5577915239570906,-0.29266873948079397,-0.20809674131112554,-0.8549441315008182,0.8295564555819359,0.175997599840087,0
0.8973251190532824,-1.6497417683795823,-1.0523833022182527,2.098111656289295,1.9044590595132806,0.7998951659624083,0.570904673235873,0.7599521851520564,-0.3486262603836341,0.7737924903157118,1
0.7502767579397235,-1.268219564991083,-0.4198462110573613,0.9459725941599854,1.3447226844687379,0.38659892993246037,0.6585601989307909,0.7783784187823298,0.31478832183008976,0.6411968009314435,2
1.366195351081184,-0.038815232308131,-0.686841710762081,1.872821481129499,-0.706920014843772,-1.0569928928631869,0.7232118667032992,-1.2763197305008,-0.4423687213213001,-0.5970126189207903,0
-5.541957471366233,-2.0992488337514645,0.7684180183783458,-0.3100755525574421,0.14845751037879035,-0.21638908951167646,-0.27897269687920556,-0.8946776891767647,0.8269058080979512,0.17026292044298447,0
1.0887811503461364,2.517668971263755,1.5320005026031582,0.03733702437719366,-0.03077228673955365,-0.021642088334823617,0.2816615245107035,0.16113639940229507,0.3313214731922818,0.039430492217816415,5
0.8880078337603837,-1.3972556539704337,-0.0718329911344956,-0.7074975150699903,-0.19227689552041702,-1.7941756156968647,0.5187885587916642,0.4671968880035451,0.4052483820689483,0.25431015211713703,0
0.9555969938008371,-1.710347805337483,-0.08661489592737981,1.3905514234041776,-1.5190989149086063,0.3555458650116534,0.6259923653953784,0.6436706079647577,0.882615968920252,-0.7297530212675254,0
-5.3713202463123135,-1.8396130920058829,-0.775173030092869,2.550154054246703,0.5266963720166719,1.0312389144822236,-0.014817617414558337,0.6537810541509415,-1.5571092724814635,0.18610082325640748,1
-5.611499257362172,-2.199748139080572,1.31925062218291,-0.2787908472930014,-0.39916492295022865,0.17333484202036842,-0.6710823618762004,-1.0493383056094439,0.5915907502496385,0.19188871040507538,0
1.034388037038035,0.11182855028921412,0.19585168065718173,-1.5331515125906512,-1.6805151713583062,-0.5539641546058498,-0.36580900299859953,-0.18460835654823526,-0.37800038320056917,0.14297694405639555,4
0.9145100383484347,-1.1416888756322718,0.46544886650929285,2.008648327007772,0.398473883688232,0.03401414413378889,1.0043069332610997,-1.1128894161909664,0.39308264982487406,0.5312231390717891,0
0.8427923132582814,2.747943590397893,1.72665372933235,0.3583855694038599,-0.3488424887868238,0.0552294228193575,-0.39332153653468593,0.16225944602732528,-0.16770392878386486,0.16237575630935175,5
-1.8444009271352608,2.9534755363270473,-0.15286240810855767,0.974655966959148,0.7720720002332575,-1.1747919630389903,-0.3846063945666821,-0.24878710606549026,-0.08591091559274533,0.19036766006950376,3
1.15192472319512,0.7993122783434395,-0.6631573591843596,-0.9456048293390131,-0.027544604086270935,1.2878621495510003,0.30442580932937247,-0.24953112986907544,0.034189788891027195,0.07877664637715581,6
1.2160413198230962,0.7666597650118955,-0.9634342441185391,-0.8307285056640441,-0.44834666046493377,1.2648970231097028,0.5511485030571212,-0.22878724165496345,0.16253410318252026,0.08064970168539243,6
1.0378492977281386,-1.5183902060483958,-1.6054629265342555,1.8591400387057866,1.4301985397107648,0.053021523851606966,0.45121318333776894,-0.07425339008570597,0.4316189321963364,-0.4778200421386924,0
-0.6747649382465436,1.3276180551413739,-0.05913759148361031,0.7251999424904506,-1.3585574298176988,-1.2874304226731865,0.6093118945511133,-0.615141718372965,0.008857427022979092,0.2822422642132277,2
1.2834090126847284,0.21384830297783497,-2.091530665132339,0.7707891892748416,0.7179334710985166,0.037809275517771024,0.11239498365091005,-0.09204974739438376,0.06707404412283635,0.17342844785079065,3
0.9719492578034129,0.08230456575010603,0.10520334893591188,-1.2054565986988586,-0.13386463066135243,-0.719471006672892,-0.7446589225736423,-0.20805684175337547,-0.5731081864723679,0.17935640329961966,4
0.8624048728903261,0.3284411842773636,0.5256033229301514,-1.5372630684956066,1.5189094984431626,0.5780652406178277,-0.2137523365044801,-0.1792389213248622,0.006458817319903609,0.038886599172072156,6
0.8690650182108981,0.34176858578913083,0.45725824932220693,-1.5215374472074925,1.6431172900077256,0.5090345265764413,-0.15413578291128316,-0.12594796249491225,0.05978544681709819,0.03624652136501766,6
0.6808991412873721,1.6385082890821692,3.0818518505587216,0.5696221467443302,2.331316185917977,-0.3236721395215689,-0.5138923597881965,0.7719490889269749,0.016050496027339545,0.3595075719109068,4
1.1913158370899408,1.2376803884850265,-0.8617685576045802,-0.580978923211116,0.0898976245935816,0.02855274957769649,-0.5735063272732376,0.12132550786811136,-0.39752798093245234,0.13638452031743858,5
1.1910797191659033,2.11881970299014,0.5849206211130396,0.18239682347093944,-0.195224402713535,-0.43291002651924604,1.1280047933928303,0.3833621912480887,0.12253849102962988,0.2664969990946291,5
-3.867737418870935,-0.027037522421383464,-0.2032707548426742,-1.4310477543333133,-0.6804567963707466,-0.08930355912870458,0.6072627728714018,-0.0920240770788816,-0.2046585649379562,-0.7917512894990144,5
0.8875583626156605,-0.8529922503197719,0.0386196269142538,-0.10946592024118396,0.2761169084616395,0.13164666785329016,-0.4260445799668683,-0.21575865705238106,-0.5803871653535089,0.43172657322050884,2
1.1235078924700337,0.5277456704888942,-0.6139660919485139,-0.5160522811365029,-0.2358671025028368,0.021894114784873464,-0.6026558821331568,-0.19649457734376452,-0.49401893581149303,0.1693235279396213,4
1.0974029526060192,-0.3313984756570578,-1.0484711908847728,-0.020825885250624454,-0.4580859406501303,0.09158189086197832,0.4138394352916469,0.19922996949254512,-0.8711829232364396,-0.5150697626890846,4
1.257276664186531,1.1086466111920075,-1.2110132354274412,-0.02672615998307093,-0.1973755928839657,0.5261381005765478,-0.24933570954825213,0.29309451234592954,-0.4949310731714911,0.2606871413650339,5
-5.149750792363945,-1.6518539529529574,0.6950056829033207,0.2821362438646464,-0.05962196581645604,-0.177360053590093,-0.888333254502614,-0.6225788026888777,0.32252972670464164,-0.747200000302112,0
0.8795319419681481,-1.034761638573869,-0.025201993338861417,-0.9723515357450903,-0.17924729678688014,-1.5228753492927676,-0.06499863084109825,0.3292185009354347,-0.752832444315249,0.6594355935648983,3
0.9539556189294263,0.20449062985907052,0.04799994341513347,-1.5613121462538195,0.8939148709212135,0.44807310394973165,0.31739723152404864,-0.1687319021346061,0.21928274205937193,0.03735074576766523,6
0.960411729736378,2.752077468690938,2.1213321287201015,0.16444286200140046,-0.4064866487310622,-0.0649855503156217,-0.49064479232708924,0.3455691669607539,-0.22758386505203188,0.1891807131252455,5
1.1235690797715858,-0.10750284552711997,-1.3400017908061874,-0.1659158969107607,1.0645280172628497,-0.7691060914934098,-0.5202875067372343,-0.27023363568355196,-0.586969600633054,0.22998668692032598,3
0.8777817176051615,-1.0552316534411235,0.39150709890576985,0.08152411792865322,-1.5325022330457594,-0.08037096660643206,-0.7469864430627008,-0.23508318226485625,-0.8830901832424092,-0.4376116941067529,2
0.897786323781346,0.47954930094233783,0.3726014222394617,-1.5229597298112678,1.5998102367596172,0.4737073436626067,-0.31122054289129164,-0.23759790213139298,0.01734586287217521,0.012217468129267772,6
1.3892015582037487,1.4525687409289114,-1.7748319260261989,-0.9842517305001275,-0.3066736180936006,1.3063137072689959,0.5641071505202949,-0.4701920696617383,0.024898991891411537,0.027089898780469746,6
0.7928903574978853,-1.8145089437694528,-0.2406320998292637,1.6252404897282966,1.7070411693755536,0.5222682483976457,-0.7210129436340617,-0.38353131347891556,0.2887628761391827,-0.7302833743968602,0
0.8548331385672558,0.009766745488594186,1.6630156574737849,0.4831329392479812,-1.3167209628688588,-0.26103380161920675,0.9668170160732351,-0.09232425358753597,-1.267712008579825,-0.2562107222584504,4
0.756781705602753,-2.029720348096367,-0.02154558410052021,1.073319008802917,0.7126707300578661,1.1905752258011895,0.9190942997242996,0.6439147892534267,-0.3763880745596442,-0.3497249637706025,3
1.2808413884539758,1.5842502424327423,-1.0682595092923401,-0.3512287947594934,0.04391325002644869,-0.08605613913519794,-0.7992239327016969,0.20431463747276402,-0.37225609490732703,0.12463717497209875,5
0.6830559038141606,-2.0929776035865766,0.9965403890661146,0.06976170394556602,-0.8751683998942831,0.34320611016815494,0.1465791783370204,0.17081239598831577,-0.16573370787788733,0.6726122045681497,1
3.417767854937661,-1.4169656295176458,1.6942960241377782,0.5847174903294261,0.9157252801690067,0.07221933788146107,-1.0618034675555408,0.6505003221814709,-0.09266859521160242,-0.7221974350876168,0
1.2618597983616808,1.0839368806246208,-1.467305420178891,-0.8355243798653029,0.8252301640711371,0.9030622488715503,0.5645257039338124,-0.16415037060680948,0.19563086565969767,0.05336577936191489,6
1.1829169176990795,2.097773354835349,0.6001478465527965,0.22548675513083838,-0.03379378479976418,-0.20358113451711424,0.8779335614005901,-0.025505006931417926,0.18755439704226662,0.1530416500004056,5
0.8256602357785505,0.13799175189942126,0.6448142983253901,-1.5410597895262435,1.5189811621436562,0.6202003856173557,0.026533245377851178,-0.010002588975647986,0.08890025676542734,0.06957968804740816,6
1.1823741152636997,0.9963566262583284,-0.7207402832040144,-0.1270145517803697,-0.2971271900977708,0.3915146191445178,-0.46042302246844535,0.36714189312353895,-0.44889749829718406,0.24624769212672448,5
1.3327978127819256,1.3807470946108786,-1.520934734892905,-1.3839466744302464,-0.07688265565872279,1.094898012416648,0.5832694305422405,-0.4871448573883064,0.031047930507213994,8.9454778621878e-05,6
-5.198957338882321,-0.05839478502500539,-1.254498226538159,0.2763551172568547,1.4948058973689817,-0.5282598377666159,-0.3894156753390474,-0.1354344464386259,-0.9426181060939132,0.7780960063519073,2
2.1529865044680974,-2.198752556295454,0.7402664185767538,-0.30317433640177316,-1.1236943154828434,-0.869332429505552,-0.1422536677226437,-0.10452008565872484,-0.14994332658274523,0.599488540189238,0
1.0186626500686897,1.4716682831703993,1.1644200974353462,1.3711639549126038,0.2774952159856453,-0.4210047462174705,-0.14359274627839114,0.05629435890698542,-0.7142037187124393,-0.5411428224498411,3
1.1960036266764924,0.5539669076194708,-0.8074110949121363,-0.4998721291101955,-1.0685685289806308,1.8375731683856131,0.6291925595337017,-0.185646139973336,0.03202237998575752,0.1649136960812992,6
0.8392744706298425,-1.0593587034649485,-0.15008186255618627,0.29820461582615754,2.0817152917796733,0.10743798614087363,-0.43880300233753056,-0.41173618596188954,0.14156306493391835,-0.9308651757392956,1
1.2214149754811159,0.7296582284446181,-1.089184760210505,0.01049322946851261,-0.6629415044506347,0.5749037566121455,0.23502397145065912,0.6218266597866311,-0.460252822052849,0.3750928684216065,5
-5.01650008190846,0.23763721046056618,-1.973315040164097,0.7172001520242098,1.299409705462195,0.6829860785975503,0.7653812637730751,-0.02399841731721375,0.1291563512972509,-0.6375403409450184,4
0.8302081587756792,-0.15344644206680735,-0.46781892942781833,-0.4628896216443359,1.5084990616618639,-0.5852704647329094,0.2798020504216049,0.6718948857881534,-0.5276071133386238,-0.6125475721323048,4
0.7962049539701024,-1.3623958480688012,0.07304868724474689,-0.2796141252205573,0.5324039113202688,0.4771145615519141,0.06618277271061002,-0.3181367590596522,-1.2062205968065998,-0.3700111517602948,4
1.1508657813058736,0.380133832732666,-0.7660668251214291,-0.6843701263101469,-0.5906381037365793,1.5859311042189195,0.6861928830382816,-0.2170269992825249,0.02598951759469248,0.16391475831612673,6
-5.129381019828897,1.9890631049395324,0.9596724521213256,1.7175759425822374,0.08012370266254301,0.16660214326250777,-0.0025587094880026306,0.05349769268600152,-0.3494431983358859,-0.4380589996162669,3
3.882847455237691,-2.322953775493788,-0.24809388718485414,0.6798738203745698,0.53669658780633,1.431725697234482,-2.0776188513551443,0.7345079429423416,0.9916111227509319,-1.1595880734004562,1
2.9190520166806224,0.6836949784437643,1.354072106370587,1.3592051372161464,-1.319042445454879,-0.4101052411613859,0.06135410850795153,-0.07143933900286398,-0.8858767567297807,-0.2907471098177042,2
1.165475794862074,0.947513296168136,0.2926049157163829,3.1930581233040742,-0.40007544493545566,0.04120207671963927,0.15294478158431474,0.48787719111543204,0.221766906768873,0.5957634611827374,1
0.6116311609413247,-0.07977450516781848,-0.001346421157614075,-0.7651465513442683,0.1191038625449677,-0.6565475201917573,-0.13620775428140586,0.32434306487887343,0.09200062633359529,0.14839456410257973,3
1.0275431114618068,0.604758382845896,1.0499084222334678,1.2918711433072816,-0.23633341780662667,0.4736554766847356,0.7758188653561517,-0.5413134026507999,0.8102509956124773,1.185242074991165,3
0.8688822840756711,0.11654200908911894,0.5813085067407684,-1.4017544574827243,0.9594773550613432,0.4358189716278371,0.06727626056298008,0.05174208766078214,0.3299144690265581,0.034826983526870026,6
1.387343824705463,1.349693975162622,-1.7959140976699295,-0.8298560164197699,-0.41601628474207175,1.4278700239010578,0.7376704319887669,-0.3398050189494155,0.0834607669384515,0.05988315760056001,6
1.078652956955514,-0.11911324357297748,-0.009365296791645217,-1.2620482873112782,-2.1047599053553574,-1.0619751038493375,-0.6815694363329664,-0.496930476105617,-0.25641855852944717,0.09096452291216595,2
1.2206327071579781,0.44488910748421484,-1.4162089327462464,-0.740519081573239,0.2156991830904519,1.0072114292418466,0.708159444357726,-0.4316820658199265,0.05383901216485487,0.12192895525201869,6
0.8520410126982036,0.34397908743905803,1.4116992989631127,-0.20491455237711675,0.15292872360424442,-1.0453224953148397,0.618141985520872,-0.4161739387692111,-1.5227256149283381,-0.3275857662128639,4
-5.32006502850119,3.2834859333582527,3.0430236120080574,0.8347600124376898,0.6972985543727874,0.19994206084827515,-0.8911898622212296,0.7596059911917197,0.9518645848599006,-0.9394220633463184,4
1.2154840706157182,0.023874590881013402,-1.1222154317032331,0.8384315902147336,-0.6963281643148939,-0.20864786718010042,-0.39076304703689424,0.43852681438163055,0.3789855927106749,1.1752138021185923,1
-2.8196818287891827,3.1893443224495917,0.2809111106139186,1.212586692749371,0.5074494290385433,-1.0574231623434058,-0.6097189154297641,0.08060203386699433,0.13700015141624133,0.1757497162104856,3
1.15666901394785,0.6757158651425558,-0.7141682711193551,-0.6165520641674973,-0.6062196907286316,-0.10008067959905664,-0.06120850477351064,0.5305946107571651,-0.7135842296945778,0.39393286982007264,5
1.059413392535323,-0.2914417335347774,-0.3627166222983609,-0.8666538800283761,-1.344849778412228,1.7034229563889427,0.8756710190826259,-0.40002832107325137,-0.0785515050000547,0.21932323741197524,6
-1.727943088310186,-0.8452351000424116,0.346042275176061,-0.8688044416309455,-1.2529354666222696,-0.20619417024220876,-0.5656572685137912,-0.7470364795655156,-0.5015800881659922,-0.8691177588308037,3
0.8225906943770694,-0.0023121666162817522,-0.17683006786721644,-0.10164758815063002,-0.10062791642744598,0.026963059886757623,-0.7582555440722786,-0.247523021221574,-0.09057618357923536,0.0878780203666733,3
4.1803229104543895,-0.602688524947593,-0.20879311131904732,3.191424081462065,1.6335181757071422,0.25139652404155366,-0.020380182401573355,-1.3095295468399788,0.5670518403982387,-0.8680487290102772,1
1.1808174034554944,2.072977740554455,0.5831211795603646,0.2912734067431265,-0.07595989309134857,-0.23461512365425385,0.8115363656898202,0.024093236911767416,-0.028233527297557348,0.23332202691252185,5
1.1853141001514824,0.8974110845735407,-0.6738567235448396,-0.7184915902650346,-0.6400319733886488,-0.10816435432137417,-0.16263033813976902,0.3626690302418445,-0.27532999515465795,0.19713985578408627,5
-4.94611076557434,1.2175296728417844,2.1216935024378185,1.7437929141134143,-6.624162792507465e-05,1.4105400632794038,0.13837034863260222,0.01754324368826761,0.03759738813322233,0.4892413872643252,4
1.029219482101562,0.8423930396528466,0.5482550614322357,-0.7770243372461489,-0.285237543044804,-0.8874404540990278,-1.47418150110764,0.2765662614087343,0.34119459762932314,-0.1677939826975528,3
-5.586339711237547,-2.2089129584342686,1.1846114368886274,-0.2988974186136304,-0.5080636025998893,0.016939214525908408,-0.5412087642046163,-0.9775665620247032,0.6246279146480198,0.21015995716393915,0
0.7190200085764895,-2.300404829526368,0.79745869989139,0.2687468828655091,-1.054285568380987,-0.21363985526919582,-0.5774883249334618,-0.12937344729899025,-0.8013438757892548,0.5927725546418752,1
-4.74374053624221,-0.1539645657184101,-0.2009237225218552,-0.3350300195013298,-1.1252633949370416,0.8702184580484955,1.0203062685577482,0.4706575124440896,0.1690161676801094,-0.7018458209861258,5
-3.776243158666437,-0.06882456909831003,-0.21975450449212275,-1.5052416969992584,-0.5641020314577532,-0.08393347805520779,0.8608950111374368,0.012535528853706346,-0.005764217102960156,-0.8250690714865945,5
0.8561415888681001,-0.5612370849103508,1.1469397003903152,1.0558914401833834,0.4489463257985209,-0.5108235524980697,0.4007917706774846,-1.0850480615036384,-0.5882259739782401,-0.5487954143976346,1
2.720827294167144,-1.9046883769690925,-0.523332445352158,0.9980449154660822,-0.8813698886059385,-0.003932429280289806,-0.022445581688822158,-0.40982365465480997,0.2565644607514508,0.4744811443750575,0
-2.2477498735526433,1.2087897729818118,1.5359287892832327,1.096839010000218,0.2563103611132439,0.030506160320056264,0.5048322833855029,-0.09125832731714059,0.2787072986786372,-0.675884507442545,3
-4.834500648751175,1.4481405164863586,-1.312179407251555,0.6012671450023858,-1.9461197212604844,0.5282406189360167,-0.5431820550807288,-0.02397777920119115,0.4553865181759842,0.05702831783007051,3
0.8626395131459441,1.7867932548009975,2.0747974288878703,0.4368223271004523,2.123439706812137,-0.5949076736520609,-0.3463734938510251,-0.13690711744570494,0.30595128813683825,-0.9194945094592635,3
4.064796760420083,-1.9736656083439126,-0.16844060322200538,0.9935372921684628,-1.6500323342353593,0.19252067454283672,-0.14153612198095733,-0.49266989124909255,0.49934424196895977,0.35806346387802296,0
0.18836556991533637,-1.8417072072218073,0.16211201240768347,1.3654616296185036,1.2057567004823448,0.33876444836341824,-0.8296926890160351,-0.2982397540026336,0.22862311550468828,-0.6998844130265647,0
1.3863746299835191,2.431500740349957,-1.2223307049430747,-0.4291029315212809,0.18965934016857453,-0.3822169287866437,-1.1267386032310105,0.3885298029851026,-0.1207924149289088,-0.004213654736251016,5
0.9062961924179759,-2.090641183036457,-1.2596830526428897,1.203277154585004,0.43801888502506037,2.2878665447776623,-1.4358323640968353,0.7024481426544291,0.5358590564285852,0.045216611830243225,1
-2.143415408479919,0.5711388304802628,-0.5442813876007768,-1.007545345758131,-0.6899401966622778,-1.4942782003469717,-0.2777886656529197,0.4646371176211028,-0.21024634331596426,0.2945842938089354,3
1.258299835498765,0.29141334480161196,-1.8146203529601295,1.4058675571731263,0.014075759596539353,0.4923734915280331,0.524630373001952,0.9808713741793929,-0.4610030001530867,-0.4577701685796632,4
0.5283639432179258,-1.5882182629040367,1.0462431011911895,-1.3126958478709192,-0.9535215492987461,0.17222186535723627,0.8680213654278669,-0.00985932230596731,0.12431109258931405,-0.7306323326850603,4
0.862924196826,-1.243291573501717,-0.1587027337136886,1.0783730977171568,0.5535727995389944,1.0495914287362405,-0.24218321652832464,0.014185038529424654,-0.6161493397693472,0.5773513457052395,2
-5.301863534394274,-0.9773901854181745,-0.5288932106017004,-0.7744606459239545,0.42757540074331823,-0.8110702084862642,1.1797387678244187,0.2832144168179762,0.1588991981274055,-0.5374374698900055,2
3.857445264351917,-1.41464236018771,0.2983786284419665,-0.4269329729960538,1.8265426769966566,-1.4686154266001554,-0.9543210697673509,-0.21086881003440783,-0.43875881916670556,-0.7421653371284518,1
3.2137359083349524,0.18259081626011445,-0.6771687414607421,1.8305567190049221,-0.833483095434159,-1.0620966139167933,0.4491115166669235,-1.51294788734377,-0.14186852178375098,-0.8022900874515333,0
1.4284913248105737,2.029966131885223,-1.2856330688670023,0.0972132781536097,-1.4375557171362345,0.5585386709875524,-0.9045993568429825,0.15093930310777492,-0.2489762674907614,0.0768970551946015,5
-0.1516812210223405,-1.1574674553437787,-0.5484236875659161,-0.22236066380993091,0.29751745513032446,-1.7034857782297925,-0.3544441319193482,-0.2270357461188255,0.07614264500205703,0.36962487277235334,0
1.3849172509790892,0.18214077533380568,-0.09636250472347929,-0.09905711008634577,-0.14677661801883565,-0.7121758332004771,-0.32667525867715985,0.786738992722293,-0.2677319431474787,-0.6949145463536424,2
0.9200255038222069,-0.6427981250831296,-0.04166065108712613,-0.029262049950463775,-0.01891246028946174,-0.21316447274412909,-0.5492047686126054,0.020870742428646505,-0.6277461340794217,0.37024564408510996,2
1.1611362375684844,0.5839797125040121,-1.0550136864116146,-0.19107426740133127,0.21611927300993375,-0.18353641288173728,-0.47813702897915966,-0.03890160546879051,-0.8791724437572002,-0.6966042606965841,4
0.8511275254666926,-1.3421224404575907,0.2141891818690358,-0.5695267583125789,0.07941866181700868,-1.3648234013261602,-0.9346321527330618,-0.5760184852055026,-0.11561068661137242,0.05239138054961656,1
4.295091901287966,-0.038917459044443575,-0.29595682747742225,1.7370815650597482,-0.5181928713708496,-0.7467820450806907,0.0963194870241939,-1.7784001545703834,-0.1367774003742106,0.16054067976860753,0
0.8521915951167831,-0.5039463398908802,1.250796553195288,0.14979781411978932,0.08773441668491842,-1.9974730252232624,1.3960053434397404,-0.08228656295703553,0.23463417206331938,0.3952461585038528,1
1.331679184971681,0.5880370420860356,-2.0666031001786633,1.2528180377457012,-0.3038539491430403,0.6615521984984176,-0.2797745721741355,0.08298731934744219,-1.0836361500013203,-0.5012467013488826,4
4.1189456089222585,-1.2196804562264996,-0.602562207558287,1.1972992530605882,0.1875756365742348,-0.17277674172142232,-0.20870951260375015,0.14883345463308906,0.3444782624124736,-0.8192182254965403,0
0.8620965220829218,-0.6217260325513984,0.7485641198701476,-1.3247334549113667,-1.1819602415197927,-0.4115050143001032,-0.3338448555220336,0.06410293709203341,-0.8654549004630441,0.5066656183678977,4
-5.052985950457782,-0.37369937014539045,-1.5679589049941265,1.208408459891735,-0.44985307515845263,-0.13079740144406315,-0.47835975564107447,-0.3332479319158248,-0.5321117972373888,0.4926298091751243,1
0.5432348604127765,-0.6085542526470414,-0.8324250495258767,0.3416459262053454,-0.02146743360050088,-0.2230728049212598,-0.16625310748145006,0.177841291827598,-0.42599243697943967,0.3596582033417725,3
-2.1371359239511505,-0.12303172916832217,-0.34310554902233403,-0.1970608454205922,-0.877455364470495,-0.40122599531775693,0.06583880230696038,0.44889965910154683,0.0018903250568729213,0.3225863375597928,3
0.7913136177145996,-0.26052526730447506,1.1802634866878443,-1.4539602630823876,-0.13010042945651615,0.8626005409947115,0.051919320037581485,-0.019416843911495674,0.21695989298952378,0.08003717135083371,6
1.184480773030455,0.9896386704548089,-0.7526948703142071,-0.07462959715134576,-0.4172673833566559,0.28330925270762664,-0.6375297014810571,0.40414835543438016,-0.868801523117781,0.38263359654765855,5
0.7825864153646628,2.779243070618695,3.5634153495009757,1.911422330669838,0.6919743101601115,0.23834206062862195,-1.195042710243151,1.9040054859085558,0.0571238982304636,-0.64748968012952,3
1.1820599069892086,2.8098339347221457,0.9287378879179311,1.5254526428730553,0.6757617229557165,-0.3477072691829566,-0.2357496891318852,0.8027767510728285,0.14733103130876168,0.2619586529025376,4
0.4672140466685062,-3.1749506452936433,1.787595487784497,-0.7052309492866637,-0.429146246394851,-0.2957505170512016,0.8122853236457738,0.4162560585486432,0.5618520117592674,0.48738122098851155,1
0.819000712331795,-0.0700301719307671,1.0991466895857724,-1.5931164448817763,-0.11068718880638453,0.8402205759085417,-0.09374190283331074,-0.16983915146115347,0.12505846008882937,0.0504384943019458,6
1.1708497729858116,-0.38801356361496164,-1.3469580842967683,0.47147346618718844,-0.4816258175069612,0.4285401879188806,0.23683341091823829,-0.3186746799147382,0.11594951713516677,0.15071622387478872,3
-5.3241331047640195,-1.361999629628353,-0.3574300195705076,0.37629740066428985,0.3142874920747497,-0.22029474614337152,0.27014064228848667,0.0426692446566993,0.3798530648134917,0.35532716726661545,1
2.95950372987877,-1.8064879239377136,0.8527335738098449,0.3589836260456279,-0.8993142588615249,0.1021129675789283,-0.7865587155035262,-0.6195870133647119,0.3147059594420796,-0.9862724719665139,0
0.8114942759282927,-0.04092869005420274,1.0001483189705491,-1.5845983309465244,0.37535619554882493,0.8101524533967512,-0.044140557088476806,-0.11821542823928288,0.09621321905352032,0.0638554667496064,6
0.855741369229929,0.20490306491334032,0.5454573635889312,-1.4619078113966923,1.4407460148448437,0.45633183213472117,-0.11228290082952375,-0.07786682841310422,0.14644974995021354,0.03859304230722488,6
-5.198957338882321,-0.05839478502500539,-1.254498226538159,0.2763551172568547,1.4948058973689817,-0.5282598377666159,-0.3894156753390474,-0.1354344464386259,-0.9426181060939132,0.7780960063519073,2
0.8960679074025537,-1.3871655428266911,-0.17034322564291204,-0.22424130120878538,0.015318205466233192,-0.9465191451252923,0.022012940362522104,-0.24372504688910857,0.3874695366861163,0.10838123759845825,0
0.3278351898088103,-1.5425720932381553,0.9521830463126302,-1.282906747520727,-0.9772294117918816,-0.492718973058203,0.7748583145585132,0.7137987468934348,-0.5349436677644219,0.6651070016039964,4
1.121905908982314,1.1766481169830252,0.5017586337642239,-0.07810715068925134,-1.904109560725015,-0.04652015715401081,-0.9822247780832106,0.9293696208526434,0.26882001959821267,0.10042262696126408,3
-5.333904402244362,-0.2697282680415981,0.08503161337063592,-0.8442137923411457,0.29582243650949336,-0.35669337901458276,0.03227619784953728,0.10619540144474315,-0.607396174164754,-0.48039392663565467,4
1.0538759324106972,0.7450696105021427,-0.9019242253342552,-0.27212266467025636,-0.6430085214204692,0.4478900744829075,0.12598947173650787,0.48197603344018136,-0.40318481146733864,0.3085655863847779,5
1.1936502188135487,1.1643818041552483,-0.8894078726146375,-1.8056687794677784,0.31925068336600027,1.1046895780218933,0.5587194702589832,-0.417416014985605,-0.07097956156787832,0.014242356842623649,6
0.8079025217716189,-1.3920236133340076,0.798253607551487,-1.3917479706933282,-1.3448383989869608,-0.4879640529013961,0.2428404562977342,0.1804216438580849,-0.4584214604707473,0.42277104624428585,4
0.7447213878685818,1.6346303214800004,3.764519884077658,0.6031141538124827,-0.8111093867643502,0.009346294696001345,-1.101300355060114,0.17643523553100715,0.8031862549682658,-1.0647054043451656,3
1.024369199508154,-0.6055430943097228,-0.16506561709057954,-1.0368015673189068,-0.2765311149801396,-1.2112128491643666,-1.0952697361063621,-0.8429800683014561,0.5730166702556563,0.6707425974353256,2
4.061191329163907,-1.6695462637701461,-0.6354194685902776,1.0792531841622082,-0.2367193674742958,-0.4166112441816673,-0.09864398759900006,0.18968587957303995,-0.22716072869473702,0.5746584470460381,1
0.8511313398272553,-0.8255414025293021,-0.14548737868946016,0.5196152644392058,1.9394836992304572,-0.31956856740649797,-0.6546809973101985,0.20045540922520888,-0.5890050380698886,-0.5461513056449849,1
0.42252014309298735,1.6915488237593674,-1.5157997872776396,-0.7273485321537136,0.2901002548564051,-0.03408066549601885,-0.667995774630817,-0.5258743670450521,0.08464286726579617,-0.15406954988905935,5
1.0362187680828865,-1.8771711437920051,-2.4707371658846107,0.3831376377321509,1.1254845633617632,-0.12313246153775237,-0.9515003605196574,1.0856210762488476,0.03786418742103903,0.417526131229426,1
-5.3200390079568995,-0.8938044158271411,-0.3471420152402789,1.4705989032238187,0.44865532408150555,0.7538707256594976,-0.5069241089197674,0.07345472539366316,-0.3429179114100771,0.7767352162819539,1
1.147696682621337,1.0022682413489465,-0.5480883260026375,-0.8815596610362009,-0.39178750201215495,0.24943386116691113,-0.3363547451258677,-0.07642017791896505,-0.014801402654821771,-0.008004283874552098,5
1.2120726133096886,0.928452666929113,-0.9346470825626667,-0.25897258465087547,-0.5692108387131659,0.5620316061086525,-0.15038710714794512,0.16565425155445612,-0.2375911891790805,0.16364980046337718,5
1.2847698674140047,1.362250668197583,-1.2882252826301854,-0.10072842420045058,0.05404178640773147,0.3731350520044161,-0.49649932763752,0.1648659217691958,-0.45959647166044926,0.18801152676556915,5
-1.6049498510025053,2.330401800244713,0.2535927503247051,0.6780156396892898,-0.9175451943008612,-0.23329449829718119,0.09844076775098215,-0.6580553710781836,-0.14124716485065703,0.18466663562856453,4
1.2720335345414606,2.0433239962797227,-0.039296214290407305,-0.7558108878880401,-1.8325803189187562,0.616219979929171,-1.1485352656470464,0.0346625734610263,0.3457916073607419,-0.1784353324847771,5
1.1763676136614096,1.8003640668310261,0.9300973498087574,1.1956705625356414,-0.5352604956309516,-1.1108338349961246,-0.8592464260497056,-0.48068137236255515,0.3979754997805194,0.10191008312238564,1
-5.2266812160469875,-0.1324632863160784,-1.0282123500411309,0.09330567897306463,1.2295038999236403,-0.5659690274377582,-0.41894259789954336,-0.17556234888837308,-0.932889692126069,0.7617718530345048,2
-2.688303647385255,0.8657016237733038,-1.991331927679387,-0.5104798529017123,-0.1817505453046455,-0.686404265702294,0.15587105870298312,-0.1600650943277766,-0.6433666086543923,-0.6827128791675652,4
0.27768848432892723,-0.5804569046760026,-0.838161045321266,0.3769728115471589,0.02175428324939429,-0.2943382045311267,-0.25066708112837544,0.25359215696618487,-0.6422329362153374,0.44194389013905266,3
-4.880519142625415,2.458181883979033,0.8146723337458124,1.2494218796715435,0.17139107593698066,-0.6038081580212411,0.10764482117470386,0.16482714574218227,0.42649926297126095,-0.8184846506429753,3
0.9134438292492043,0.17017624041990176,0.1899801145142117,-1.5257053783731316,1.1695835538009267,0.5653613103648245,0.23934666152716522,-0.1397626965446781,0.12432247578024569,0.06198958690184303,6
0.9513536099356291,-0.9944827074701182,-0.08808738879028932,0.6600358318837853,0.09961080946493703,-0.07090986115549103,-0.5551093025571461,-0.34252214950698057,0.6443032945352885,-1.0246707188123525,0
0.8747703591714684,-1.8962458408120995,0.37615830819497764,0.26369069972813075,-1.5715849115220966,-0.5536326994521561,-0.4271697318968394,-0.16086358926674205,0.7026867704970794,0.09051831576002711,1
1.186403969082589,0.9881528040369335,-0.9773792095081646,-1.2908178408238309,0.696338649916754,-1.2053183947078243,-0.6147465419172012,-0.17502222584695426,-0.2832597632538292,0.042800229481273766,4
0.8813197735649592,0.22563835462543247,0.3972387875090355,-1.3684071579263757,1.4829635188544052,0.34274301327464785,0.014185525371554264,0.03589528894953975,0.28729929584993696,0.032090419926063374,6
-2.168399419100541,-2.686547860626181,1.1261785685263062,-0.7298493678269229,-0.536652299140245,-0.32610313797287627,1.0075210052751515,0.3286187363531681,0.010971130492587022,0.7761494721218289,2
0.6485866179197788,0.665124064065952,2.8428914280537967,0.825099664531539,1.8812958056495113,-0.46324269467800805,0.24204868985188024,0.8156740208425491,0.19870349314520475,0.46529705293070067,2
0.48120519894576613,-2.877122517849304,1.503891260840034,-0.6949373696776664,0.0783834637548613,0.006609028018288665,0.378305031395893,-0.08831634144363487,-0.38780205201426643,0.7258643043255553,2
-1.6230218774354248,-0.3283302893735385,-1.1301614484254057,0.7273454287432005,-0.7683165617877622,0.12559924119469223,0.30126865177477236,0.3147844855831494,-0.4274900574853424,-0.5315552904509171,3
0.743008267812233,0.334517498428793,2.311162288026795,0.4261249077588144,0.7534257038203435,-0.4888009831410349,-0.021031158788832716,-0.3977248393447942,-0.3599155381627921,0.4356143389479619,2
1.1810320595253427,0.4983319259929271,-1.172439414406785,2.3175678422468735,1.2572598251025933,0.7408612547663047,-0.06568077168838216,-0.4508534855817137,-0.41835748234216075,-0.4947331030202223,3
0.8716641554943728,-1.6942701472541595,0.32212721649146386,0.10239405591273332,-1.553780498915482,-0.40501041660656245,-0.2329861445169359,-0.06743369990154735,0.23123999277906337,0.3089720609260974,1
1.05387915135892,-1.1325079502072448,-0.7960847052892728,0.3606305438834989,-0.38998992013570555,-1.0009172561622703,-0.456287007811505,-0.550230302736689,0.7509719209829044,0.06347662889134215,0
1.0004684888124173,-0.6981391543737222,0.14987188593086254,1.6384087046450082,0.16802798141162173,0.08661961471800383,1.2293661244211544,-1.275623747940362,0.21159626822293376,0.5265846037350256,1
-5.5227678821706,-2.100546569879894,0.8679443494279322,-0.3188584282339646,-0.5054468165960421,-0.22423896447459024,-0.3682205841600259,-0.9586969734375219,0.8616952597498404,0.15216375247959785,0
-5.386709942156869,-0.5486257135738312,0.10968360695774138,-0.027463091416439878,0.5921089161473414,0.5352498704436468,-0.09057218324416694,0.07909867184104535,-0.8859938548223403,-0.36019172250270065,4
-0.32350357473750224,3.035317497697242,0.1941449558429198,2.0247779459617528,0.8849941575157404,-0.04885072800720858,-0.14933536747566822,0.6338594917525249,0.6275443405415855,1.1781414733506235,4
0.9776107871932899,-1.5601673409433738,-0.8587112078872865,1.7558577056111626,0.17181781334783144,1.4139148137153892,0.22267324507504416,0.05659876983208745,0.4560002363291247,0.2825561947594937,3
0.887938652021243,0.41559077369239716,0.43655651212366,-1.5289710887630814,1.4807472928354433,0.4975245663985264,-0.24984826377322156,-0.1979121816831768,0.04800866158246375,0.018481113250254477,6
1.6523026389086546,-0.37520053038068146,-0.5713030146232037,-0.09874153862579593,0.7974463116968332,-0.49676709198757973,0.5738830019506062,0.5974830263164423,0.8566252979852944,0.04308812437846171,2
-5.490995208853257,-1.973981819648471,0.3481531336395194,-0.3735417252895903,0.05393388124266042,-0.9363572210331645,0.6193679918316363,0.13641455453652196,0.4723111827325184,0.6071121045179679,0
-5.254497154310878,-2.1859806827059245,0.624814138636802,-0.2421800260657483,-0.9905126776402546,-0.6482982253617395,0.4753890728548483,0.010280147254818961,0.336094944085207,0.6447072602034469,0
1.452787274501473,1.7846749096355277,-2.018681226337632,-0.9004342768175266,0.11049709441613177,-1.2821515947222393,-0.20663365235301934,0.17933789183387938,0.140638918456085,-0.008193358372020676,4
0.7329924087313509,1.8941729192424623,1.8391922160296086,1.3057564375165416,-1.4903412586212716,0.8753148192818327,-0.1324106508267483,0.061062058748065806,-0.4620872060016503,-0.6655802037555425,5
0.3124252660178919,1.3494021493772261,-1.046526417081012,-0.8771642707293672,-1.3073395518941908,0.12982708467581694,-0.7011074246798882,-0.6699259651775622,-0.030527384554327686,-0.11154397947793465,5
1.2935709390591554,0.41360836711485605,-1.8405036839597602,0.4357225045534068,0.36222280250102024,-0.26474989135948546,-0.35381688748779627,-0.45409759754498613,0.2556318983348804,-0.005772571894281653,2
1.1413340617045606,1.1866657452314864,1.9338838041140665,0.13764045815590698,-0.21957214833511188,-0.9075617448307338,-0.3379773788101793,-0.5061616914328053,-0.20488742364183388,0.1775306004070754,3
0.8939553709469938,-0.1838782732314015,0.4551975515986467,-1.0123865536353294,0.04052770355566514,-0.8298665190026033,-0.18097592455331457,0.5589615340599053,-0.047518031118994664,0.2146126769179525,3
-4.901881555741643,0.26148349239699686,-1.2518414510356066,-0.02397141045340878,1.261872984677427,0.25169284881945075,0.571836366105699,-0.0002831500767498385,0.24460748189916748,-0.7354419697089256,4
0.8408446107067766,-0.36372999419086516,-0.10898072513782409,-1.3134745162208346,-0.13811060662822686,-0.7593691107227282,-0.059084447620604774,-0.12325853886798843,-0.8828474702509996,-0.6765114760910012,4
1.0334011632824194,2.5499054220074777,1.8617176955900803,-0.19268137557047504,0.011673675732563019,-0.36100037110165095,-0.19681554416421487,0.15225937937478362,-0.19344126823929209,0.15777405810130013,5
-5.309586475951601,-0.3646922082028524,-0.03268115536451366,-0.9560323673557134,0.10534000445749021,-0.8005095669751732,0.6256240907135037,0.8296585669912758,-0.2888152923599874,0.6470421194318068,4
0.7617765004798416,-1.422861892094149,0.9785100154063036,-1.3960107313309902,-0.9651926006483809,0.26475765534572404,0.36046887227980495,-0.510232592850778,0.29467805967215455,0.11638427716300342,4
1.7884020722744416,-1.8580533936318053,0.3978858523362845,-0.25429898396919826,0.8111781126440233,0.721543701312376,0.5038561332032844,-0.15239652748962795,0.14024614511943456,0.24812621273151014,3
0.7899108129049645,2.1207607906975476,2.415673482862829,0.8355083009935034,0.5927525494134299,-0.2899327818195572,-0.8179353657555107,-0.05081953848346174,0.8909573729274944,-0.05539344592885648,2
1.31038427800257,1.0634597594823156,-1.2607525469048249,0.18555515103994413,-0.5259127594429802,0.1986560018090182,0.2581794799259002,0.5665221305821577,0.8650953617296469,-0.05043474678506005,4
0.8769483816872022,0.5567663528395342,1.588579271354475,3.021168985931901,0.6893040176258073,1.3133896111115468,0.35408259681977505,0.594124092760175,0.01671569239900217,0.6357631935782534,2
0.1371287745277573,-2.647084180993885,1.428396516022818,0.1820886805438653,-0.41438114148532157,0.5984629555523744,-0.6707149647101852,-0.8969916162480058,0.3897600978610316,0.2230281132436962,0
0.8962948384137903,0.43458191669113166,0.37316521066930575,-1.5124710631449603,1.5685118027265974,0.4304735784266309,-0.21183806475661748,-0.16049494155876398,0.09580829186304696,0.01352683227892676,6
0.7673607193161143,0.23631768994981295,2.1631168998606984,0.595711441393375,0.468489780464045,-0.3361557483258889,0.04845526207062356,-0.4595190878930631,-0.4306910739123304,0.4730463123044245,2
4.102193019663582,-0.9010481259389153,-0.5060039153175999,1.1475411690633661,-0.01971974513796826,-0.19862121745424322,-0.5162738971609472,0.22978433148855892,0.014712804839089433,0.25497045632383797,0
3.51944099643025,-0.32125590638587115,-0.35929969010437524,1.7958085764738172,-0.6003118766007858,-1.056284038124859,0.9348296207823803,-0.9673096347090135,-0.40809477197538957,-0.5727174465800244,0
4.04874553214787,0.6415774679307557,1.1327183724540986,0.0005674620064602953,-0.15852281415595473,-2.0443716329973283,0.4128154823015318,-0.16151197549526863,-0.6129964213256298,-0.45078458707672037,2
3.2429287610532644,1.9713863285907447,2.4535457447596594,1.3175152190085841,-1.3596096755101073,0.9153612819296582,-0.3590413648634291,0.5259436884387064,-0.5160624849962923,-0.6481699937817276,5
1.3662418400976806,0.31773117485543956,-1.6940131715555917,2.2143983204636344,-0.9824941536396372,0.40442382193570636,-1.3571599526181966,-0.3981575243768727,0.6422333216171978,-1.0304000425697013,1
-5.37312188962696,-0.48738576516632315,0.17732236437174953,-0.8416499328672107,0.3245190736474951,-0.48407768260025413,0.5043927134846712,0.6102609573412188,-0.5456836734379349,-0.362144493659962,4
2.4768678184748074,-0.032839485032964855,-1.6142206508882666,0.8064910717500033,-0.5545228651438233,0.2844472551954389,-0.11623822973159548,-0.3129307110749866,0.19343943694371113,0.0867068783623039,2
1.2607919349793777,1.0522766358056268,-1.440655078321211,-0.8298580293425866,0.7014907338855441,0.9289925325688988,0.565893447866252,-0.17906656969424528,0.1927160005341042,0.055574914499337325,6
1.3883628517157713,1.578096417696511,-1.8125586329053578,0.1670648536431547,0.1735786953539807,0.42581587806395094,-0.25799439492958653,0.14302574960251557,0.015804196587618335,0.05628811168443615,5
-3.2160697959686337,-0.34919176592932766,0.5816264744639541,-0.8766874719171229,-1.22129471902817,0.6770703244684468,0.5785586443812011,0.31023929778409076,-0.07541282867084353,-0.7394150922455844,5
1.173448179589617,2.2754754540882356,0.7384403545553815,-0.2895371616337179,0.0730511741265629,-0.8491542933348714,0.9293142703316462,0.25725472272760086,0.1479020939670752,0.18469006029287507,5
1.1015351022752862,-0.5993842555362637,-0.85443864568912,0.3452551805976676,-0.678922430632039,-1.2686506153741604,-0.4499259995670293,0.1106337870206141,-0.0503965004899678,-0.6413935322842284,1
-1.0052603932045399,0.8242768278637095,3.1284627137962664,0.5209165826477041,0.5536957320893133,0.584935855685534,-0.061279052289982205,-0.010745040190733565,-0.02286236434199429,0.3576422748526398,4
1.3045926243930275,-1.4327807566154553,0.7477559849416595,0.053377762191066824,-0.9233932711969675,-0.4674432376738802,-0.838673200107643,-0.47206194750612074,0.3690896515986042,-1.0951165179181839,0
0.901735927592749,0.49743462174283926,0.3420719462963583,-1.5200795659761634,1.6526563581294005,0.452965538390562,-0.3052879351657437,-0.23056407847495075,0.025438722392416846,0.010245449739185453,6
0.32637132011867565,-2.5125810514041893,1.1948502754343118,0.29684994263707676,-0.6007176415618212,0.41333843079130994,-0.9179283303771836,-1.0107775265519836,0.5913311844162603,0.1091506601880321,0
-4.9598765214037215,0.2823476438616156,-1.6540763737557447,0.9558762963087033,-0.4470789163839022,0.6182265453714928,-0.357629290191406,-0.5711894613217747,-0.0496381427366992,0.3355117140819506,2
1.0425155713574783,-1.4214050655241866,-0.4999785304604334,0.8049887680062808,-1.8106261693926218,0.4244277018829774,-0.09526151390193749,-0.529953790314414,0.7375846852017158,0.09716424313348676,1
0.8798313968435375,0.291647250564972,1.4509111100709147,1.5159399186542437,0.4519390012014305,0.36636836198229306,0.21386181644999008,-0.5237276159697597,-0.34362658877601193,0.4937084283266584,2
-4.859160071915835,0.28469194860673785,-2.2179943678429543,0.9080179555555209,-1.0759243247550678,-0.4705852001548245,-0.0033090589015668526,-0.10691185030930062,0.09093977790390317,0.4859826594121623,1
4.004014019435508,-1.190048266452619,0.0017649640215348095,-0.7533666995109503,1.5827416009030022,-1.3029731610724196,0.43811441305061527,0.20400971449135596,1.6617443621242018,-1.3885112841494092,1
0.9378277091890692,-1.2714251427999308,-0.3075164977903484,-0.15167563854700938,-0.31876773660685964,-1.4739798914635494,-0.06974981334239183,0.13584965493867873,-0.021412251677860983,0.3165292216038485,0
0.8500778435087342,1.013526718886819,1.7930194967848525,0.45083208204880654,1.3923329978913528,-0.8925515232590495,0.991022642105788,0.7458253863769746,0.12155478650806106,-0.5356160133244261,3
1.172859255977393,-0.12839189693905728,-1.5374005072619787,1.1392970609716073,0.8591931355237137,-0.8087065858695219,-0.8352519290137926,0.3705376427878675,-0.6811152370236038,0.42161994216928833,1
1.0867088303738337,1.7834466315557518,1.061246454278836,-0.635994533270624,-0.0270145254641056,-1.0294655929148033,1.0045462720348746,-0.006885028553967984,0.2354301694063814,0.13184389584141226,5
1.2902497606502892,1.1236509233930803,-1.6024566207541973,-0.7942903568537898,0.7578373633454165,0.8589287885389729,0.5506278279332252,-0.21865255070076328,0.2042695504239158,0.04434328112242031,6
0.9940643777109937,0.5646352568125582,1.0000776693970304,0.4950207405282311,0.4943275701416082,-0.327280551844116,0.7019631638872379,-0.8117744142808713,0.6039681341689929,1.1572346932456885,3
-4.411220141549207,1.8415647212867814,2.512927826783743,1.428346187394979,0.7731232430392779,0.8973412327537722,-0.13674352784687038,0.4197061274209394,0.09679184595203028,-0.6046096811564761,4
2.7524923900457616,0.06451410672158941,-1.5549586776328639,0.6079233804946815,-0.17516380308751026,0.07869860073366186,-0.22296239989501254,-0.33375890422777843,0.20778994848885013,0.04367017974248588,2
-4.747692187586403,1.137335565722017,-2.3348172757513117,-0.6722225613754107,-1.4517671954460722,-0.9591935886472693,0.8691983157553792,0.23879592294431795,0.48403393136043027,0.20879466960512255,4
0.8217621200469182,2.3044478597381617,3.5203933382100496,0.902577031823879,-0.8098179185195045,-0.05323417058693869,-1.0364728885733059,0.8140704950359976,0.2244821305747733,-0.8790103118644055,3
0.8733464365510288,0.35115047085212625,0.5159936118131074,-1.5461921462206185,1.388564066194791,0.5561217567247716,-0.20009678245357787,-0.17176883197370407,0.04637131045875842,0.02929760949721011,6
1.349851170924063,1.3318711011876854,-1.5653246640086012,0.08845202841993716,-0.405142428007103,0.3608789384519018,-0.12221056915516859,0.3498398573863555,-0.18293552769034216,0.18547274635686034,5
1.0362225944401828,-0.5666157966472404,-1.1867009756721416,1.7128181728596124,1.7799946317921154,1.6702574869405507,-0.059443133236203316,-0.07019386001694494,-0.1438529738245422,-0.7234770664887697,4
0.8210161810788612,-1.8772437305956293,-0.34584271295841296,0.8676693789181251,2.083399987007198,-0.02362100071925488,-0.7714821408549976,-0.8484579290196625,0.5825740684540985,0.12159074351058824,0
1.157989406922028,2.2442449015102524,0.8735650046926117,-0.38250667547596073,-0.018441047166805807,-0.6410684429087012,0.7532270427150576,-0.09231900507089079,0.24401152961691208,0.0714959840940384,5
0.9236691923696205,-0.49056273782982307,0.20283388659018886,-0.8215270813156579,-0.17844777484019567,-1.1915365849197643,0.42825707495308485,0.9287568101762371,0.4373999226028862,0.22121344934518739,2
1.1679993549006253,0.14942954171671263,-1.078170302089607,-0.13845611086100706,-0.20487155795877546,-0.7413347926573403,-0.6097089649964281,-0.23152880807893972,-0.4235283903943592,0.2234566342058863,2
-3.7687850195632646,0.025976133425411163,-0.7327491124275685,-0.6485502065669222,1.1868603852427153,-0.4164703353883775,0.8533680922968451,0.3201588575527867,0.6358419129178765,-0.8181084206169273,4
-0.11491679387910592,0.32720120648862006,-1.1911159527455932,0.5001368607742396,1.088320440616283,0.015543307311203902,-0.49647890347194634,-0.06626155986957472,-0.06603927366429252,0.15898201919975447,3
-5.198957338882321,-0.05839478502500539,-1.254498226538159,0.2763551172568547,1.4948058973689817,-0.5282598377666159,-0.3894156753390474,-0.1354344464386259,-0.9426181060939132,0.7780960063519073,2
-5.229471630044556,-0.12264925095378976,-0.08598744319530915,-0.7718886887385477,0.3763744129562959,0.11793908500581307,-0.1449646562914627,-0.4166566658368407,0.06957583401460354,0.22880055455938603,4
-4.9656670282752975,1.2400674297908938,2.1754101837845137,1.7702896881094832,0.007245794773803757,1.4787323720554946,0.12490296578032539,0.03322370561779693,0.0866097364677696,0.47329940169640716,4
1.054192100420629,-0.35448558722696255,-1.0087997269982536,0.3851004553212525,1.1018506164322979,-1.195038924909002,-0.3062521318856858,0.4615618931109787,-0.14237114755172575,-0.5887052932164325,1
-1.8942104109499405,3.188963751376975,-0.4392333021820345,2.5480310009682356,0.2630074461136832,0.7530053809231161,0.35050108795781126,0.5094040032186452,1.0187077747712494,1.1190168215051852,4
0.4945650457567802,-2.826570449538141,1.5468973253657083,-0.8581841260378027,-0.4640975845064509,-0.10113187860031947,0.6002596060382267,0.041988940296923016,-0.7544816562723315,-0.3496003812539306,1
2.402707074745118,-2.215573435019704,0.7688514463139693,-0.11220202454644324,-1.1157538664551978,-0.709222898697907,-0.13707263530656044,0.014857942226751741,-0.1961763427745029,0.6395271626444805,0
1.1840550104276424,1.3700768991856078,-0.6819087687186496,-1.1356529856551452,0.8234930023854468,-0.6419683081239287,-0.845946057909409,-0.2651516849791973,0.26116824770191105,-0.19947118904683475,4
1.1251129332871286,0.5961718766950287,-0.5751320477481092,-1.4402583906184747,-0.13018850228857262,-1.038061728791249,-0.36349142337180285,-0.09661731370729776,-0.2912418419042808,0.09873447166966337,4
0.8569579834484133,-1.5079459834895736,0.3337327103989107,-0.5467635193530462,-1.171166843744879,0.7758478532695863,0.7671218029600183,-0.28820358983772754,0.33156306892797405,0.23232478944850854,4
0.4691488921007363,-2.218052608119015,2.218435963547436,-0.3311641515607755,-0.31044274865674537,-0.04185798745041125,-0.9001800990456846,-0.0545191707515057,-0.3577320368202601,0.59227147076791,1
0.9752226476085339,-0.03702103894873998,0.15703393632911777,-1.3244311338856554,-0.5627083084771725,1.193955707264678,0.34509858370813007,-0.41257944599646845,-0.042271657756554504,0.11493067987586869,6
-5.178720590508624,-0.5796821227595729,-1.2721725320917054,0.16541998566691207,0.7889332576533639,-0.6472341636522956,0.4338014897053867,0.08762348868061254,0.13826943600297392,0.5075880946606741,2
0.8864830745357636,0.4115782860261892,0.44565151992115026,-1.5286234194451194,1.472049490069053,0.5053916446792086,-0.2599688669553134,-0.2057321378432415,0.0396720830493007,0.019191161920347533,6
0.6960512802943811,-0.10745958447132375,2.9102580606677986,2.1473929114316723,-0.3262781230526509,1.5006025311785376,0.4143763083617326,0.42083661128907734,0.953247811573867,1.3014386590424059,1
-5.468949301798372,-2.486808045588516,-0.4139178860997623,-1.6118350814340239,-1.079500111048919,0.29759284209681125,0.2396067031411956,0.7706299788178199,0.8497706147509705,-0.8117993738216975,1
1.1536801187283972,0.7601652928616979,-0.7987756317185393,-0.8536836202984108,0.28655095734740477,-0.5292289639632006,-0.5731636968395027,-0.16034624406099374,-0.32983593046727844,0.09488060756656669,4
1.191941051490909,1.05632731929706,-0.6891120592835469,-0.33245100997557553,-0.4176349291012602,0.20806229567408407,-0.535874264834272,0.2591577683271086,-0.3993816261681973,0.1952986001373173,5
0.8531656028957881,-1.114385628690731,0.8351013474226889,-0.912932935168917,-1.3311079394347543,-0.39930902316239436,-0.9473714792689419,-0.9612935195317946,0.42674447656629333,-0.23891750320373278,1
0.8437970916266725,0.13199295091827667,0.5343362034741141,-1.434647874656916,1.5943868274678636,0.4089282803326826,0.006178277137077637,0.019866584944500665,0.2087419756176363,0.05013912784245428,6
1.1247298766558655,1.6910246761614456,0.8702093736803854,-0.6791741561236224,-0.38146636909909526,-1.264638380861107,1.200963810801925,0.03257200909950016,0.271164094892951,0.15998451919595735,5
-4.177143055154476,0.3901799024915915,0.1539724404910664,-1.110874561386547,-0.7107302516128396,0.1488098383557832,0.4383720473389078,0.36232076461191887,0.1521346830266741,-0.8497409918985013,5
0.8869526739753906,-0.09576650017926291,0.8104928794864028,-1.348560929456711,-0.4907995115751377,0.6311673446699626,0.128263692338768,-0.020779117877593567,0.42781552589072547,0.031600949793063715,6
1.2926224208563655,0.9451937999818211,-1.7665088047854354,-0.873451086529903,0.7937029878033086,0.8324125635498612,0.5748985305111399,-0.4707021734510348,0.03981975480538136,0.06363696085650183,6
1.2491623637012013,0.667937841151892,-1.522535253866766,-0.8172594798823971,0.3135242236076248,1.1036894573494787,0.5851614348881523,-0.544506984435082,-0.07635050983901515,0.10969803215484858,6
-1.6987742105531174,0.5600450114972025,0.5163398950102076,-0.04830571265957273,-1.0725721475296375,0.9999797634593255,-0.14985841963376234,0.6637623006189232,0.08959123926990742,-0.8261366879264849,5
1.1248079176040109,-2.0923245149498313,-2.1229643477512337,0.8003297970735346,-2.2493189914117497,1.0095234732177567,-0.1019727553351496,1.5871522594438239,0.3059521936772196,0.38357559741796443,1
4.221422787248107,-1.0404283018826699,-1.5489096720731161,1.0246949954745925,0.7147377695130028,-0.9995224601161732,0.21289244914044325,0.4074338045166783,-0.028108234912084473,0.37333165282476316,0
-4.9915400199566555,0.26429586021807416,-1.494692411330696,0.9486373142894816,-0.38537834264109805,0.5805857024946885,-0.3793172014444043,-0.3969498514481946,-0.16693932997043204,0.4001462046231161,2
0.9834143730863221,-0.7972158091339098,-0.5865839794703605,0.4598399320305029,-0.2094351926374258,-0.02017056511846871,0.6369728041711634,0.8040382489556379,-0.4710881412157235,-0.4588398580756316,3
-4.824114441165217,1.601421975117547,-1.0991716106108094,0.28114771214868306,-2.451951677225918,0.2740639721384037,-0.9767818616781535,-0.31864061806208244,0.3542220838708201,-0.01123762446644716,3
0.807887283477962,1.433307413596455,2.575457112190917,0.3751679431378996,0.9720936254045089,-0.30398718421501236,-0.3500796995249015,-0.22934852097735856,0.26110528617170026,-0.8946273981954127,3
-5.070023201303161,0.22311435296526871,-1.6182656456807718,0.12924618033720958,1.3848160679579913,0.24525009019667632,0.6837658043951148,-0.04725381483308977,0.10991910457033871,-0.6737949838491721,4
0.8161358385193266,-0.3403753627417901,1.256694644110554,-1.431545147806654,-0.9039847428398526,0.7638559017964655,0.16931938523350454,0.05818420435459515,0.449331789294229,0.05142814889777414,6
1.1369019122006243,0.3758743756319862,-0.5747035947886345,-0.9026266372306846,-0.902409117905869,1.5551681671588262,0.6790878747205141,-0.24682429337696932,0.05093972642575695,0.13945896348171094,6
1.256439735087292,1.796209856163308,-0.16675356499697536,-0.8165393661540208,-1.4823631373711244,0.37981304684771566,-0.38721652321457256,0.4971083918986261,0.7161480961262061,-0.18560310257462626,5
1.1410687526639074,0.8336524279071692,-0.556105430315694,-0.18192238075829126,-0.5054521620107916,0.12054990732700843,-0.6495164007582036,0.5103307164848278,-1.0429881299077597,0.46311063293507093,5
1.0374870953360844,0.11099709976405747,0.21474243135198856,-1.2851193889781631,-1.8034460757284432,-0.16304688624978292,-0.6457838525614804,-0.4772660567272726,-0.45501122642928715,0.10521189599860564,4
-4.073445551132471,0.9071556241906907,-2.1979718077083703,-0.5463075564293207,-0.5234177396887238,-0.8394446202131831,0.7864796028031796,0.2260230876088486,-0.20026369845610548,-0.677883686293757,4
1.1818587882117773,2.5355229543141586,0.9392291732415237,0.49733459970498295,0.08656441026413889,0.3218718590463443,-0.20981825125553966,-0.45519653628487294,0.10525484975345378,-0.04681874912954037,5
-5.289639948843541,-0.8914631547746895,0.12464325116811226,0.24718792991135152,-1.3808713384327314,0.07433890517236774,0.11380718809313628,0.19816134220440296,0.15901809840722914,0.4837683058256801,1
1.0320010779897955,0.7678541240073781,0.921294633414432,1.0538472258385714,0.4367865070500194,0.11958278042885961,0.747798056103146,-0.5463679612518001,0.8555277615999586,1.140017146439623,3
1.3652688469252843,0.9036962837271655,-2.182048576883397,0.6636391202532392,0.14311796475985564,-0.06190949940269008,-0.2829997862685345,0.06273409266348151,-0.8475033654745194,-0.6284163057194552,4
0.8731680291797377,-0.15290606081035818,0.9501476416106766,-1.3240364790136463,-0.7670641249546051,0.7506172842718393,0.07953117243733587,-0.04277107181364348,0.3949602444172622,0.040318050200802646,6
-3.46440582496654,-1.4968840967063453,-0.33148542095282196,1.0121895984043545,1.4348064072654165,0.042084373221115134,-0.71944903899339,-0.6667289509823,0.4371684029398808,-0.7902360797646262,0
-4.983893720694855,0.18733179330762417,-1.6287172221383062,0.9411312437356308,-0.6748383613255202,-0.01705279792790715,0.054743590079047055,0.251405486309321,0.006655654170660608,0.5603095349173566,3
0.7959138993447405,0.04530209020218416,2.0686849380685466,-0.06388617081950043,-1.1797629015716697,-0.598018308965285,0.5273281075107074,-0.21934004889606973,-1.3759175795428753,0.7331329148601375,4
4.063908533583723,0.7208993808072117,1.1729562673555138,0.0851152910507581,0.4560042618005652,-2.171388906754598,0.36876832503095486,0.08956858756775155,-0.6717712156760967,-0.3997529281922462,2
0.847910890854872,0.12196185565112638,0.6525283252613608,-1.4770943817608002,1.0710839051021774,0.5926015993955918,-0.07674974230706477,-0.10303762897366764,0.12017464763602925,0.05093638711995663,6
2.333930032302044,-2.169013821551708,0.012241835983713312,1.1260210358441995,-1.5566797890466146,-0.10403237421252476,-0.009693411468582602,0.33946294296413493,-0.537628551102846,0.8973707177137475,0
1.1712566499577903,1.9164755007957623,0.516609271327454,-0.023321308656642392,0.10247115832083906,-0.4547196198634451,0.0776004184660008,-0.7423928726684172,-0.5710497750046404,0.17246705864438308,5
0.9337833877313084,0.11964725631838247,0.31943353905023386,-1.703359409127071,0.18199560407437262,0.7730450328380685,0.3655819281830227,-0.2289870088799375,0.12290847127423543,0.05592538720098256,6
3.9523857009396592,0.7084078842162228,1.4574878932437785,0.689737321522543,-1.2560411738254404,1.819873023896151,-1.0199538882804537,1.2083159672120407,-0.44451839101413704,-0.7236993735150308,5
-0.6036179773880624,0.4358938231032403,2.61664093945713,1.938055294372245,0.4642171872229245,1.3993974854732063,0.18759637517930727,0.4760358434906392,-0.5728041831256365,0.7358117672584459,4
0.9527700108833496,1.2521704342404658,0.9877097994883955,-0.5610955098250141,2.0084206172656867,-0.18036847018303237,0.5541724332174063,-1.0995499429131026,-0.44579038898730294,-0.8617722674422763,6
-5.149821064719385,1.5231100854777666,1.2387554721896192,-0.16026394847088243,-1.5449705308802422,-0.20131399318571808,0.40192484756892083,-0.9637751301026241,-0.09144171062916673,0.19883739726788457,5
1.273608314494922,2.2856184863574343,0.07635823309065493,0.09468422467549442,0.197358557736765,-0.3966169808729637,0.6617510129684362,-0.6138116678444131,0.23204992090410004,0.007449106599115518,5
0.464509017627637,0.24249269246760877,4.2264135903311715,0.18343107178436902,0.07894665840658374,0.6646979946570433,-0.0842998393354254,0.3732578902740862,-0.46477703395457937,0.5417659335877337,4
0.9553232530481435,-1.3456236798462142,-0.35132691803232685,1.0484069882531497,0.01497434165836864,-0.528936204315842,0.55990749997959,0.9676470625934266,0.7427351920913416,-0.6817683821715987,0
0.8042219042708213,0.07323410387063933,0.6990559723471945,-1.556948961020206,1.6220493776546079,0.6865922801692104,0.09232036852475833,0.029605315867723636,0.05973765753218219,0.08923353647522642,6
0.6662407916325708,-2.2888773157506304,0.3881254144037225,0.4274342004521998,0.7326973807868086,-0.08145422617065978,-0.32555549793429506,-0.3586655634389029,-0.9518490711573144,-0.216976036577525,1
1.030891168872884,2.6841128318700314,1.8567688773124502,0.2434945635044583,-0.4455920549642013,0.03446833201894184,-0.39195020655794666,0.16650751252041252,-0.2151231713412125,0.1715047985935937,5
0.13064332753050667,-0.7109427361258464,0.2806473208702951,-0.6058944594083127,-0.6713783767640333,-0.6372650172852232,0.5995860620873418,0.8822994818293335,-0.14299551048568437,-0.6012778576538538,3
1.3400371687584292,1.0301562868460774,-2.0120958218470353,-0.7266660166800041,0.6904168759273839,0.9774457997767232,0.5753446577031963,-0.5524093048123166,-0.03824075788638259,0.07833742500794277,6
0.9932210231192924,1.2184902703540867,-1.3628293182854943,-0.027254752108546776,-0.8642421345076081,0.6152877773050083,-0.5333757058273497,-0.20528303867806197,-0.4379981564104951,0.14619292022489844,5
-0.9266641479811136,1.415208725109347,-0.9482644978333508,-0.860957311390125,-1.3973301142711603,0.3444902314714968,-0.6697439158996971,-0.681336080850145,0.0701725130781603,-0.1294583000707123,5
1.0916686856851983,0.4036729365222469,-0.45312254140680275,-0.5632425293759893,-0.2953101177527572,0.10686153489473615,-0.299592060412721,0.017917767396621098,-0.2747252445993391,0.16034168403407828,4
-5.409501425207331,-0.4258552875009991,0.3861743567639,-0.6916678983806079,0.577988774195284,-0.03150660877503464,-0.24895070397023833,-0.052586198041492005,-0.7566482937558281,-0.4759293784046283,4
1.1795855160449944,0.912049550927935,-0.8817539704661665,-1.3835099926591854,0.42220248549863726,-1.3030426015503687,-0.26541265846204787,0.13117824270237466,-0.07337385611366765,0.0590963290930584,4
0.8576925112293771,0.30533159749487226,0.5398699269996718,-1.535328195387896,1.5249449769679726,0.5826994562298409,-0.19188272763639913,-0.16319477779710811,0.01262661080791938,0.042629874510569876,6
0.832695732161449,-0.3196681592171701,0.5262722862907677,-1.1329578904819624,0.22622807033869077,-0.39473148565514904,-0.40450254583646283,0.11226093506028001,-0.9980559153380759,-0.6400049280500186,4
-0.02227093237240063,1.0014775587177909,1.2920283834295387,1.7338533116802468,0.35583062933011633,0.57064881876063,0.5838943786568211,-0.06609016055976803,0.24213447834929847,-0.6518495550966954,3
1.2904672911520136,-1.090338872732871,-3.0388733613025245,0.7880058700250501,-1.2038974460200336,0.4613350279536683,0.000124637157619234,1.7358272176412246,0.12072504309209098,-0.593238208612179,1
0.4884421696963508,0.4670610529436014,4.2583974347301865,0.24219872387222185,0.010760892432961501,0.6154744596390076,-0.2114432549686429,0.46944395680032347,-0.3561486604644988,0.5056525155368617,4
1.149705619277204,-0.2141695184410538,-0.967964891158696,-0.5396324841798321,-0.4752392775798574,-0.2940376474208155,0.04281820943234538,-0.5195976262795474,0.6328434660129494,0.9187236522292292,3
0.6877515624420648,-1.8539241229656245,0.7030305591335628,-0.561187321424595,0.7953500950730328,-0.2809805806500256,-0.619788464679717,-0.9540893599327109,-0.1379954451657226,-0.71809828709605,1
-1.8952482579645427,1.6387479379440357,0.4100964876929989,1.7331018930958726,0.4732672137302394,0.24286529919567523,0.1494827131225655,-0.18792723569412975,-0.5023805819029175,0.470529906646854,4
-5.113578684136612,0.08038145907846239,-1.2813528396691891,-0.08743771675451317,1.4922905553577204,0.02852252090074736,1.0137384578578446,0.4693576769501553,1.1416969330332587,0.15056604694492293,4
1.1813562172510164,0.9372822765984462,-0.740726727409722,-0.08754224386201304,-0.47372918967550226,0.20144537297679133,-0.4939701232441961,0.5381960934014702,-0.7910834048455413,0.3973882966626878,5
1.0132313283328565,-0.9557994285853729,-0.6831768296775425,0.006345785254240122,-0.37132511152447023,-0.8842257232683755,-0.09154566663179275,-0.050411823044783755,-0.11603905230502232,0.44662527094222754,1
1.1873333692263826,0.9162023607740554,-0.7813953314136188,-0.09422770722622531,-0.4820964252749982,0.21601288373806926,-0.3921452177076351,0.5439296659310706,-0.6878460555513517,0.374046989192088,5
-3.9682402361557707,-0.28481394520615705,0.12748501153818959,-0.2702672892372211,-1.3662689184842511,1.0902769815452504,0.792547496790187,0.40466995236920744,0.024328688540465215,-0.6909401726408309,5
-3.8393081213008027,-0.2893074793946001,0.2887959645469822,-1.0073904653939356,0.31131908712998957,0.024136561217540375,-0.32201990076901166,-0.47465071730171027,-0.04341485117902222,0.20996400270952176,4
0.08754256860280507,0.7269895417329387,-1.7579723292275984,0.30783830359120556,-0.40824509843312584,-0.7100814726768969,0.5508393589008896,1.050838570950433,0.15927603933621493,0.3635175132391889,3
-0.17348332812892464,-2.741205137148425,1.66822601472264,-0.3622239349639311,0.0350576940591,-0.09416224368920778,-0.46847612482557544,-0.604069555816027,0.4473172277482842,0.25301001764353637,0
1.1903533753558948,1.7539846535472012,-0.07456630067527537,-0.7699254417026589,-0.8438669317473765,0.14716602197626805,-0.9016150062117666,0.5502220467893664,-0.22942359658127698,0.08745373463647238,5
0.9538511688141484,0.680633236463137,0.0956740117899092,-1.466778825325312,1.7653071001536556,0.30457637286439865,-0.3288900496558287,-0.23012959770376318,0.1018726339390712,-0.01960133605693537,6
0.8853176685885351,-1.2569457669454804,-0.5789759563687931,1.567734502200046,2.022029731492144,0.4344922486863676,-0.5461693791331516,-0.17877872719805565,-0.08405646734673233,-0.6766983869412468,0
1.208545498565353,0.5978717036349491,-1.0387162729438866,-0.4473994003672568,-0.6884564188643059,0.11822500920010648,0.2361658996179795,0.36873239515886125,-0.3311348983715141,0.2819455629075489,5
-5.476969887012328,-0.227102136593346,1.275869720176821,0.006795975236162044,0.84633208683692,0.0747914018371143,-1.170720549075969,0.024178778758642272,0.8400810369389546,-0.9223156273152284,1
0.8647230981819323,0.07038845595772142,1.4016019499982775,2.0648429392482033,0.7104497344474822,0.7432282306482878,0.2036070995416699,-0.6625012922921695,0.03509731982570141,0.38971045850264974,1
1.063652485864841,0.29793366798275345,-0.13803135047221993,-1.4730328756283433,-0.7317057058247028,0.924603468928995,0.1481795297273566,-0.6306844735318342,-0.010763475075053819,0.03336099868107084,6
0.8061085339896985,-0.15266775028390345,1.0651090771268374,-1.5014664480639486,0.0761927754280619,0.8833140413471938,-0.05780530141765522,-0.15027267332569805,0.08924379853025322,0.07590773481826912,6
-5.190164017045869,-0.023602163182182778,-1.2039306073731175,0.2014670873862039,1.2677814247621313,-0.6016095933971854,-0.4432664494528339,-0.17450738233940966,-0.9006456503445062,0.7522591040385957,2
2.843603049559129,-1.0042521874468742,0.8789467910656785,-0.9757323186190319,-1.030820975036608,-0.6549846860472017,0.3562837842793013,0.5872475805676335,0.5317303092009928,0.1066882509231018,2
0.7176950054326707,0.918455593611563,2.4399271550861252,1.5643004139803431,2.1988893323497116,0.0882341471799204,-0.13187955986033895,0.6060298401150587,0.07711848618438832,0.4578849050909406,2
4.309547122413216,0.008343817047886198,-0.339974049687952,1.741360838996659,-0.5626527426430414,-0.7897068928496159,0.07213323221139123,-1.7922121862452287,-0.11320635249342592,0.14852497041821877,0
0.6215532894970608,0.3717407860193472,2.9466285699905637,1.414632834796672,0.6409023932905238,1.0358709912040347,0.09826901120396997,0.4195224928700364,-0.5487284381751816,0.6599868318465227,4
0.8412859870157194,-0.01818043557793858,0.9996078165736395,-1.4840149122320538,-0.04236785002431458,0.6434521067084467,-0.21680028257556827,-0.19085105898886123,0.2051061366716329,0.023253739790378314,6
0.5843905838330683,0.5355652972215508,3.456984606808506,0.23625715316596763,0.7121635955329978,0.11445680069779751,-0.12787863913316488,0.20244232213106866,-0.36813799497436284,0.4757212025462304,4
1.0890215230379663,1.9669338347218122,1.1855530578626254,-0.5212993019204117,-0.1566783944445019,-1.0226835693669245,0.3532393743274425,-0.2387854746395225,-0.175008859536943,0.1720046660965132,5
4.222780324579761,-0.4069736745364291,-0.0641655664851064,1.5731159152135417,-0.4699483884059594,-0.8590851828925486,0.8933538746169518,-0.7708171785715192,-0.10079796036919264,0.3000757338008633,1
0.7971477131947179,-1.7317553820298466,0.11602462031081773,0.20963572762051674,0.3675701017356078,-0.3049586634708624,-0.5507200796453954,-0.3151986138784655,-0.4529476488818269,0.2769233006845629,1
-0.9963103302690516,1.9751473238429065,0.6292737483859425,1.1038337501805273,-1.7631744040935335,0.3298850287993458,0.3838794853745521,-0.2268844261759958,-0.19315121694389958,0.33169332468109713,4
2.0616129527651847,-1.994148487099972,0.0367573355585773,1.0474321060576897,-1.612795816825255,-0.26313210858824565,-0.19605314306715294,0.31034163079283916,-0.5607494636473029,0.8796560096947772,0
0.9432903700722407,-0.0177301868792914,-0.3780073735038154,-0.4547592098848925,1.492430645425146,-0.6222462515304316,0.17999847812441383,0.7879977039292038,-0.5420425722561661,-0.60581784379379,4
0.9739268488297579,-0.8128784404736907,-0.385392834107845,-0.5142115954733393,-0.15244302785126354,0.3769451709340468,0.33815865445513393,-0.35293542059269356,-0.16959196922448871,0.30352779612576736,4
0.8880078337603837,-1.3972556539704337,-0.0718329911344956,-0.7074975150699903,-0.19227689552041702,-1.7941756156968647,0.5187885587916642,0.4671968880035451,0.4052483820689483,0.25431015211713703,0
-2.793594291386207,1.4314882849329433,1.7376297051873588,0.6739756141826878,0.4803201663285567,-0.15417263238466716,-0.061610384533457574,-0.5994802138681419,0.17254523316376869,-0.8055205819864608,3
-5.1224488004177715,2.0285846498094733,0.56795949344122,-0.21976223727738575,-0.27653591439201286,-0.6877540857471528,-1.9381492097498247,0.8411327067374067,0.5551122992623911,0.08340104939496357,3
0.8671053837819636,-0.913759409073737,0.13922099664723708,0.11203155393892339,0.12333160072110823,-0.3641073224727921,-0.013073069206724797,0.6108248285880943,-0.18932316418606066,0.4008057060711922,1
0.6261557080528256,0.8654839790084032,2.921511649130908,0.7141803156709834,2.917957550744968,-0.16445238143276897,-0.43601905474554037,0.1062574041140365,0.506381373810608,0.10649992658539237,2
1.0641133110626597,0.029753592349007207,-0.2370495486548645,-1.3676499301265157,-1.0832428127900022,1.2055781252920765,0.5013974153077606,-0.5990010000553383,-0.05293276133581637,0.10174274369306169,6
-5.1589470133416775,0.9459270318387624,0.872592372119944,1.3335249004048368,0.1697817385971673,-0.3575547349257292,0.5414563669167005,-0.5693013941570005,1.329844949622522,0.0017169169280510932,1
0.8554375006370136,-0.1422591399189973,0.9485485644959671,-1.3887582809376597,-0.4020017711744085,0.7015944826099099,0.04656475892118117,-0.059394955630915236,0.338212389099418,0.04286614484899559,6
4.275725681584058,0.3320823396137833,-0.27337800917882293,1.1380676626639095,0.2703224242529466,-1.4294900929757954,0.14156579195358743,-1.565664388780509,0.10331040111724699,0.04140501725163842,0
-2.330604323451408,0.612940618534244,-0.5160322385851319,-0.9961126952554762,-0.6077525242584367,-1.3188227796696064,-0.5457946267872493,0.1493998844469413,-0.2762772625130956,0.23678724493897724,3
0.979215425194045,0.31963264403407055,-0.027409325594905165,-1.4456555560097668,0.8618274228603253,0.4683642729864843,0.2284594190651933,-0.1658921891004208,0.23195461676631535,0.028369877710333113,6
0.6726657106235299,-0.45119836098830923,1.906958594758362,-0.9343897607240741,-0.9660589880852017,-0.08355138857624533,-0.8959658082485192,0.9081730747186396,-1.1578102540101989,0.5789580975526429,4
3.0356673785282795,-1.171468954707389,0.09665886093193021,0.03215739379253846,1.5847436147556873,0.06185586376480967,0.11131819221138795,0.4272706333305538,-0.9732679808689626,0.7433534185110968,2
1.2260745826967552,0.7005013648945649,-1.150797136083034,0.05529058398302289,-0.6702646256666427,0.6775533648344827,0.3179698620069208,0.6165581373025004,-0.35357626568513734,0.3879405538742522,5
4.315201842791982,0.04897069582759009,-0.872247465837362,1.900918681099303,0.6356258961847979,-1.6118853836874238,1.0134087638138913,-0.5523594943156025,-0.40755593227714515,-0.5282396722642753,0
0.4904567441176065,2.795595778695327,2.255452792988515,0.11695919559849954,-0.3483806860425235,-0.10551998283328257,-0.5298214356469656,0.420301266764845,-0.20504741103485857,0.19309871501114986,5
0.8303393539785464,-1.1282864053344666,-0.21342208560221643,-1.3663037120590074,-0.02160969531731423,-0.6909661353271971,-1.4354462639132959,1.5744563044536017,0.4086297917870487,0.06934775333995052,1
1.2740458038541416,0.2024370357072508,-1.8455210627356882,1.1692519785299822,0.5479740366183709,-1.1091805202519969,-1.0045557127034108,0.2738534210639497,-0.5161179018581097,0.3375099767165679,1
0.8031043164864268,-2.016277720420481,0.2146284634625557,1.2155828519539686,0.6330169367958525,0.7802038774976039,0.47620037278829075,0.532281885425596,1.7104190914684092,1.1431552490729708,1
-4.335136941704969,0.17853961216292802,-0.3685185681025398,-1.2035277719986726,-1.2010814457707484,-0.06471432695992285,0.2669161264949903,-0.29386636059601967,-0.29768659130536257,-0.7990167584703209,5
1.2390706140727321,1.6554946122919074,-0.8611282389310146,-0.7728065213296398,0.44056255248585885,-0.24417046200859915,-0.840047108326413,0.11465072685842437,-0.27482778206330716,0.03623534557978603,5
0.625779942617102,-1.9843740526303506,1.3371026081187904,-0.3924945594211142,-0.5891963510126123,0.2559322902728385,0.003905505407672538,0.11013143868508957,-0.23996092520286272,0.628886830952823,2
1.1992354522789839,0.7140064072445998,-0.9813505928179269,0.0011772301902022164,-0.6316400116537729,0.4441347057822884,-0.015456200546116405,0.5951932196911227,-0.726594243317521,0.4400224997011286,5
-3.2929994082247673,-2.513310417630813,0.5059618091003865,0.19130106900028088,-0.7953428476960179,-0.7502829437968626,0.8354804255821701,0.703385273526637,-0.02686525710146892,0.9210608381630123,0
0.967897330736331,-0.4580133881483489,-0.28425838617393917,-1.3950537082069705,-0.2502265337381091,-0.9014916878221559,0.30356413367879764,-0.004801938707470477,-0.708950462846963,-0.6786860894956552,4
-5.26748790160129,-2.2516179247450756,0.5990935166471991,-0.3015054169175071,-1.0135170677094942,-0.758642280737281,0.5657811731921553,0.021039675002783254,0.39718054522607416,0.638430567100877,0
1.3155815698892253,2.0492794797342127,0.039856532624645724,1.3186531572340159,-0.8762235630748173,0.11075578779107076,0.434930657169717,-0.4215277161992627,0.26034913145567185,0.12417283466359175,4
1.1995038670831732,2.035217671356677,0.1785236316705966,1.984279487696335,1.0988703862371467,-0.3175041298063721,0.4411385593402573,0.37979353695888884,0.28927910796207357,-0.7653252856389914,3
1.1726427983022831,2.280733802747979,0.8078318971522722,0.2888360272368903,-0.1665195924207403,0.04536590546246422,0.2898713455582519,-0.33089831756542964,-0.11855654335714938,0.1400344644536961,5
-5.3359867170869695,-0.3273005927285537,0.6336426786021809,-1.495092261540053,-1.108823439427195,0.6260422762358377,1.153430222658129,0.2813779038560107,0.8692774656132705,0.15257013576707007,5
1.0786286594391226,0.8185700486250008,-0.5368404558258737,-1.2611356643379519,1.4889374159869244,0.18767505263967643,-0.0367193473646687,-0.20548425822002647,0.2856637866179059,-0.033385490950580354,6
1.064549947210488,-0.2070091020627366,-0.7073925205419076,-0.9634390037376857,0.898987564020619,-1.2996346787703585,0.5843532237202408,0.502856006979782,0.9016466095725408,1.137018947215706,2
1.1014019365238885,1.1001321668193125,1.3765393195166165,3.137992560709587,-1.6341726084849915,1.076938154275939,0.10138388981911406,0.5261149464153403,0.904979988612054,-0.929312269962006,1
-1.7230754779072055,-0.20679455725066076,-0.4838272798453096,-1.370038372839174,-0.3529602954546802,-0.9520887763963874,0.976380274918725,0.5514283682779001,-0.20626008003321505,-0.6539119932847399,4
0.8566636473813416,-0.5776301488309067,0.8052492266261305,-0.45237702415320435,0.126333237035333,-0.997982800397822,-1.4864366191380087,-0.1326991585465216,0.5965303101980814,-0.11129889408646026,1
1.2538853353817665,2.741231320733142,0.25055939862756293,1.6850103595512507,0.788830634564168,-0.15425616001333609,-0.19814195008297797,0.3751747419984649,0.2199591039259663,1.229302054904974,4
-2.762800033167651,-1.6777684829027373,0.7380199002758265,0.34598767071180364,0.6434134484044444,-0.24726370084232285,-0.9433209155373895,-0.45262937224012756,0.2971400962096338,-0.7637278822602964,0
1.0526820523924592,-1.5258114640546334,-0.5971215547960256,2.276662232573628,-2.0594816872767905,0.23915098323858874,0.3607880814674975,1.0322441722659998,0.5682917903312745,-0.4704390094663818,0
1.193345606696004,0.3568462001409787,-1.2417513766109705,0.06445946157939564,-0.42292024974229014,0.057968279022653446,-0.35955494688169065,-0.13568575915799552,-1.0548858117244244,-0.609492700673181,4
0.9190657239606344,-1.7367105593504757,-0.47403051868680524,1.1289808843542044,0.19388415640680187,0.1926184183993045,-0.050233488155852435,-0.16969219312548045,0.48586077951196494,0.40436748859425004,0
-4.871570640651819,0.955101426342253,2.087536203877954,0.88044224657273,-0.7100137421940225,0.5354231074476448,-0.10736189403124652,-0.7701168869920549,0.40844719814206565,0.17397294737694893,2
-3.5008914158533844,-1.7670680939662882,0.9671124847054295,-0.35287188615874876,0.8353508439651892,0.24580114817715226,0.22874289578936746,0.30448684797262937,-0.7263509599995099,-0.37157008090995675,3
1.2425269991341397,0.8234945025963923,-1.0910619665325414,-0.20094901250332575,-0.749174379282527,0.23591531013429434,-0.03228689908239141,0.35180230491665543,-0.36886919202829827,0.2716519277694467,5
1.3847676823385735,1.1930654341728588,-2.0248803665055535,-0.7665289954560077,0.2675507482306013,-1.095426585101123,0.6648661258084959,0.6347786973763487,0.3293046812564726,0.11479253662193073,4
0.6913063333812317,0.39783279600212995,3.176245921281841,0.10546051444838422,-0.8286211520581303,-0.41195688195772007,1.2109368795423254,0.998981816983942,0.33051918509036105,-0.5137238447369572,3
1.078244691184831,1.7965875240026792,1.1183243799156581,-0.5952455988390675,-0.004350840738145803,-0.9939625505587875,0.8365728717180843,-0.09105549533795092,0.15737349274902046,0.13026633349344308,5
0.7933848658331806,-0.3330731505252955,1.2707655926445631,-1.4751786964090245,-0.5820108804253072,0.8986571319729086,-0.011978310903929645,-0.12436313176860203,0.19880215215032226,0.07282017763359605,6
-5.585895048723819,-0.9836054963801998,1.6436903437534023,-0.13309663623774726,-0.4694344266335543,0.6281179310131746,-0.6027332865069471,0.39122488648375914,-0.5902207531455377,-0.4539425604255119,3
0.9621480270396096,-1.3841971524472743,-0.7468401876343604,1.320073708048341,1.0328601908296622,0.173095908202342,0.15370494561251924,0.011142352080765972,0.6763849527617625,-0.8664442269098009,0
-0.4024428791576594,-0.9511982871825605,-0.6090071769024386,0.9545305080872851,0.3726013006739646,0.716745989055672,0.8821405813060678,1.1089731237412281,-0.9035394817737679,-0.09839276568585026,4
2.2002367136257432,0.14152858354674272,-0.7062886689978733,1.9003875704193216,-0.8106256459523477,-1.2260693207969706,0.9264926430228815,-0.9243031998387549,-0.07324930371209959,-0.6577038265647575,0
1.112535427790512,1.4869392665177354,0.633014372075149,-0.04339397963810021,-0.319715278286997,-0.7711219432157873,0.3000373929412056,-0.5420263559040728,-1.135308270873383,0.48833429188254174,5
0.890360562447569,0.43172469551901493,0.4364053275078291,-1.532459757403639,1.4598043272043586,0.5056472162080132,-0.27943391508462734,-0.220966361845657,0.03232209793854324,0.016105662194497494,6
0.8555593207925232,-1.7455299145694259,-0.3599419774460113,0.8618521455766494,0.6190270686884658,1.5071074397271194,0.7007882918579632,-0.013623887578460336,0.034858231442051135,0.39731967106767674,3
1.3672973615083106,1.3916766976434918,-1.6887424066095924,0.13442896612050959,-0.2150385354324391,0.39986296278283895,-0.09257446969004246,0.29825382947244305,-0.06772024170285906,0.13810254968990715,5
-1.3654528788630578,3.0774779841405664,-0.19565920052178565,2.7219574943804377,0.026881127699364682,0.5630672384029467,0.34266354708257246,0.917661711494993,0.4732763474543167,0.332222642125663,4
1.1672765765689643,0.9953012993128981,-0.6138565927638922,-0.3453439987224902,-0.24782900602597793,0.283374071516006,-0.41064332118035873,0.33182744352740523,-0.28934668527509233,0.17920823679770537,5
1.3317107574718028,1.6356526803169151,-1.3051306446115374,-0.28325764161783806,-0.13489443048252778,-0.1911839824357302,-0.7948019665475831,0.13644047443176088,-0.35766468192265055,0.11866427385179279,5
1.0817713156856978,1.824480796108404,1.1585842207672479,-0.599122166599757,-0.15638418732542295,-1.0503244240755192,0.9309623504107325,0.09010937226469701,0.18263354424655587,0.16162357829533286,5
-4.759662782852155,0.05587792234867206,-0.8498529551461071,0.04752513910425393,-0.8516342656538203,0.322006155944796,-0.46411702674443356,-0.8451774781066888,0.1445505514314589,0.17314043774044635,2
1.0484370943640717,0.17585103896897858,-0.18276963493738485,-0.9120310563305021,-0.9782009215203149,-0.354268908806598,-0.5551626463880802,-0.2149255760896125,-0.9478075319336436,-0.7156863223149159,4
0.8471925539984427,-0.8571040877054984,0.2422094197840141,-0.5896377596014057,0.04274090350817393,-0.6821842312850945,0.8487719163445576,1.1018969380743766,-0.11349078606525076,-0.5688461605606632,3
3.8711068820535623,-1.6076074994986058,0.7125358561346411,0.16171025210211087,0.6473935989440495,0.3083564519125894,-0.744003409206288,-0.5566030297159019,0.4461035545968466,-0.04694335974607233,1
1.3075724049413182,0.36658181403150736,-1.0874771880715928,2.494397434148361,-0.7884042410304075,-0.21440593838925104,0.436853012064721,-1.187845794195216,-0.8972743304998514,0.5840702254151249,1
1.0880206811332818,0.04162529680690308,0.08185745409659528,-1.2260931044994658,-2.1703387038940276,-1.1122393398101584,-0.5068708435617388,-0.1390784435013066,0.02569066690160815,0.06836973640975019,2
0.9122539479557144,-1.3814800296322671,-0.2593663671342201,-0.11008918024425096,-0.02330016195488832,-0.8738266200573785,0.14624441668540833,-0.15417068510794874,0.4653364644957585,0.11491147110698158,0
0.13058814749972147,1.4599890859461597,-1.2863155947242693,-0.547408215318645,-1.163811154915484,0.3064271561822156,-0.6698425777137752,-0.5745495367665046,-0.042819001184842165,-0.07484713183956465,5
1.405911319542374,1.948397858254939,-1.7385458679166692,-0.322475986219225,0.4378808646456739,-0.12141263910302746,-0.7983465594985314,-0.18663480089056894,-0.035153790002728336,-0.07179176831374506,5
0.8908339849771849,-1.8443413272492304,-0.39635199886152495,1.2602730998292553,0.21333206251574863,0.3217301781471922,0.0022826179141614,-0.01620585479002823,0.32154619540754714,0.49815048056278405,0
1.2728914150757955,0.871195335966641,-1.710428752336888,-0.8908831296938382,0.8474017463625009,0.8800069516985978,0.5907473453859603,-0.4814188627525464,-0.006868749675181807,0.07870671839529919,6
0.4085177452175076,1.0854992370096102,0.2636595945130804,1.7104547983054335,-1.4495874211239421,0.018357755727673508,0.2726001637764248,-0.9024632073214075,-0.007702764339813761,-0.6474722246607671,2
0.7233327718527327,-0.6357461041863942,1.5850917705337604,-1.5206673405705111,-0.7094588905127991,0.9608973259962734,0.28536582942638467,0.12351730044575959,0.32902613753107124,0.11064211550487796,6
1.1663819865905323,0.11973462412372493,-1.031125204772032,-0.2734032661793868,-0.4002066995007477,-0.7468241510303162,-0.6274418361983577,-0.33553731738080605,-0.46848782528722177,0.21403598052586476,2
1.0023673512665079,-1.3323063826864217,-0.6206733287665862,0.5068260791398455,-0.634394589016819,-0.7170124884406704,-0.24032524659198973,-0.42275685524963613,0.48136652098725774,0.24637445810928332,0
-5.570201393869836,-1.1868272474904877,0.8924732524068816,-0.427011469608769,1.0431102875036538,0.07346907372842515,-0.31092552587033884,0.0856210885507045,-0.7747682492383039,-0.43568190734928575,3
0.7887860881609858,-1.3500344900652466,0.3584323484853952,0.3590338506303212,0.30755394711165596,-0.4683812514731751,-0.06254568368865454,0.6525505583710011,-0.16201519191876557,0.44326937039816955,1
-0.5477348800006568,-1.7405069164176616,0.17685414215486028,0.7383302814115682,1.7312947697275691,-0.12997934201031036,-0.8410708976039686,-0.563418657860352,0.41996597763225996,-0.839736154502081,0
1.3127525772967201,1.9874799267542627,-0.2425938184762928,-0.6736115609286559,-2.3092641040175614,0.2785892647737962,-1.1488556352416728,0.22698963955976936,-0.2009145776046286,0.01882310024809397,5
-4.2459485233816645,0.9011496306289085,-2.2000263296766898,-0.545478081857895,-0.4731055700985256,-0.8164084263368929,0.8033431279738087,0.22974576744650455,-0.2143537679251204,-0.6695241196605299,4
0.30339998185772277,-0.7524661240238952,0.3777121423124449,-0.6066448674211671,-0.479544421151753,-0.32261497982400944,0.49443977809903206,0.6138506216286559,-0.08109656177323865,-0.5730170424436514,3
0.7306602366252233,-3.4221841949938097,-0.714042289983756,0.19130331361616792,-1.316364764706311,0.6483597422295968,0.08999059969945178,1.8343714089339904,-0.24705909488151212,0.9645467429424022,1
-1.2216446807783687,3.0423926643009285,0.623032737076248,1.3132925744423867,0.719422827174409,-0.6489314168692588,-0.11245294051519428,0.6973311697791513,0.3216099385142108,0.22399146309930323,4
0.8615813696285174,0.061756170390232096,1.6614446795271305,0.13734885102701133,-1.3498857117259173,-0.7282795945638255,0.8197337840946537,-0.192422275670789,-1.4166521453646008,-0.2500490004780909,4
-5.402346691805492,0.7620701566617871,2.6820118633723267,0.7708570010710118,1.199241989671316,-0.07957739660490382,0.1256799342883927,0.24131668442730547,-0.0787676043830019,0.5520548844686453,2
0.8417192914280915,-1.5737248475141312,0.15583696375203182,-0.5815330089989745,-0.5200283879233986,-1.8309512521867444,0.29512516098939934,0.6243499688135247,-0.16875721613687578,0.4729458037491538,0
0.7113574853539751,-1.5438961265800049,0.7833347892264815,-0.7285145866423934,0.42143129399009915,-0.9677850414014835,0.14338757518191203,0.6769232573636421,-0.5675852447950953,-0.4662653647077813,2
0.4467008960073552,-3.2374828022822735,1.574248872902703,-0.4579982702936751,-0.20806878951117178,0.3433575610285764,1.0709368115685334,0.3906817205856209,-0.16809579631853566,0.8235948524659762,2
1.303427917067976,-0.36294284385760645,-2.63505399571811,0.7289789137167959,0.4465253064695416,-0.875177721070256,-0.7716484885005804,0.6859422304449047,0.26953524557762343,0.14934573438420445,1
0.8361570081548418,0.023727919525462826,0.7334094651999462,-1.4336089634541012,0.9299352466970133,0.5388194953899568,-0.01718808393337079,-0.02372276391713446,0.21881055171993014,0.05118332391238939,6
-1.5364497758124611,0.813713038647392,0.45760531720892195,0.7672259057429023,-1.5245524685138332,1.590745441814401,-0.7489967696630989,0.678534803552463,-0.41001459305896226,-0.6796850539708537,5
1.238862542371196,0.0577326681792204,-0.46041972309699064,0.12028299054439118,-0.353265710509603,-0.59432609547914,-0.173356565675033,0.6452726588428269,-0.3000973263852087,-0.6663153304395382,2
4.2812044474692295,-0.04759753933470873,-0.29256846543796944,1.8129728053057976,-0.5551933002867225,-0.793556535951039,0.19697748704516044,-1.6271211330390933,-0.4562558136872381,-0.7641498109647311,0
1.182394978320207,0.9582229335963827,-0.9780108358871833,-1.2709885904492977,0.7764690535604797,-1.4519193758791669,-0.31597687020163423,0.20394190619042807,0.13698252800655686,0.16530551780500197,4
1.0253768444834401,-0.23220735632283168,-0.2749987107101195,0.056346302669720516,-0.24005586529651915,-0.5105828987281427,-1.1182645543882082,-0.24370645070115904,-0.06903609425267421,1.306003496975066,1
0.8449222106108616,0.14610204907199198,0.5835808600466215,-1.433982561259085,1.440913943095776,0.45222288002224453,-0.11986987323765785,-0.07532403418244926,0.1468480920901869,0.044397151753791275,6
1.1869006151419401,1.4681371981846576,0.33699872421100174,0.9123232174773,-0.6013890069018494,0.5178954146077888,0.33237566618822867,-1.0802137421426221,-0.28706293745032996,0.16865170502868443,4
0.8766016509025552,0.3860426883666017,0.4799878572619314,-1.5371779808392956,1.4956551065090515,0.5473577287847058,-0.25545193645608877,-0.20743214482613803,0.010737549524789003,0.027479478866671403,6
1.1694356909751245,-0.16184655018639893,-1.58777375002971,0.0985136071397853,-0.4822028873639894,1.065991176342919,-2.276303367507489,0.6442728031021427,0.8850674096140652,0.8653793793093867,2
0.5307153671319891,0.24624227484136818,-0.22460322744567152,-0.776402380338838,-2.189074466660102,-0.9371428410543639,-0.389038141561059,0.09073566390473842,0.1678263468757395,0.0985289970675935,2
1.2443944927068409,0.5899928096284516,-1.5291742598751823,-0.7407513295860286,0.35068065097726486,0.9853051108247419,0.5388072969366632,-0.5561490880933626,-0.03344068331817995,0.10530580141160883,6
0.8615580402314339,0.09990874031674402,0.5329864528048804,-1.3400938837704903,1.1939683369766427,0.48306471239683946,0.07403352349742243,0.0609105233975582,0.27793563295574186,0.053828628826432856,6
0.8466095698635009,-1.9253490994072937,0.027335744057000344,0.49179280673856995,0.34523519026596783,-0.258528208842017,-0.25362182688512236,-0.3553992812997906,0.9660154513086816,0.11026790564491118,0
1.1932369832606193,0.8180802660436016,-0.840198109275015,-0.9308980765635846,-0.2772834659942701,1.243904814453671,0.31961079816119164,-0.35649380364497096,0.040659944700955464,0.06661796325400277,6
1.2821001332580204,1.0164696922813001,-1.6857287335249447,-0.6823106469882039,0.8991886080692759,0.9937244219981913,0.5636716045859594,-0.2881732315580001,0.07592242764358836,0.08371376328517027,6
0.9984079171622753,-0.2195766534213774,0.3987252244540824,-1.2614746385268998,-1.8318945461524037,-0.963710603198868,0.3453820602112526,0.6429076978411171,0.47442259330655157,0.12284624781935366,3
1.308038869771201,2.518414189996749,0.7245095838547897,-0.12228230652409955,-1.9257746347192235,-0.17552507768579984,1.1130988855869606,0.01903075870102501,0.9799915653926368,-0.05879957661737639,5
0.9748755127189891,0.9378297201957377,0.69996460339589,0.13200533466434006,1.597167677788843,-1.160926722377964,0.8811898370093012,-0.1262537311063485,-0.37915079667206886,0.39269315285615064,4
1.3253933535954119,1.5760511784590996,-1.340716805727254,-1.5637785510509674,-0.07864824595867115,1.043916229851536,0.4494801957956983,-0.4521909524061454,0.06280059353805756,-0.04045411981660468,6
-1.3513012980027588,0.9545309370394054,-2.0157892609661268,-0.5771316561521236,0.5573826160109518,-0.6555846941212422,-0.30553846241681115,-0.443845346649431,-0.623034299624418,0.2252549565440496,4
0.9494977175407165,-1.286755100744958,-0.4273679160104218,0.735207021490434,0.6623159347210759,-0.575387535665403,0.5921515296917036,0.6156382443069592,1.1168122553385418,-0.8935313184715103,0
-0.9645647646489813,0.7436605574542613,0.6861223589432894,0.7675871598189165,-1.384250494658095,1.7601171505821365,-0.7644231177129052,0.6986377786199522,-0.30451868136393534,-0.7271721403490681,5
3.4591557408528257,-0.3127645856142189,-0.5621159480763609,1.8750755256096228,0.2312299815696177,-1.4768154836286738,1.5698107080220431,-0.12014932754095167,-0.2699700511745564,-0.41999699222628234,0
-2.304502947398874,0.03423937044350689,-1.405895134362239,0.8365090205720527,-0.5813607782364235,0.15395560385334472,0.11294598324573724,0.3044574919871751,-0.17122226841805066,0.4128845419823692,3
1.0510568393095272,-1.1396288672817314,-0.7703426970499734,0.4412147041847456,-0.6825922866411133,-0.9154071260680487,-0.3319682394779301,-0.511028416721572,0.6159341813490475,0.1724206745191778,0
1.045629659088136,0.7234672208410312,-0.3320681571223212,-1.2430298110849194,1.3026811945260333,0.3404533614795846,-0.27857374392234824,-0.3830757514753764,0.10700198242383996,-0.019784594186627258,6
3.900463628356714,-0.9305698245920918,0.7262937838833894,0.27175779752103313,-1.1017573725567584,1.7077923284455354,0.24765786226773845,0.4128752051365721,-0.5616164011683933,-0.6390888846207736,5
-5.08542762161966,0.1663782037042294,-1.54104876634784,0.08510598412550796,1.3791149891010783,0.17577981834774525,1.1795876152970157,0.3658179325388597,0.5581679200940459,-0.7072478441702188,4
0.8479345987994223,0.18112974489432054,0.6449322512101997,-1.543346656722581,1.192450651300335,0.5819893864738919,-0.03137204882483807,-0.05740087457864518,0.13400391046914972,0.0467984729543911,6
1.234417023073189,1.5284165913992291,-0.7447122496649066,-0.9609835435280543,0.21711918136469652,-0.13623555640066543,0.06826662315821241,0.51175878591659,0.7430676593435077,-0.15838711941707512,5
0.4518630672711125,-1.0674755501631599,1.4887462548049428,0.466390983972927,1.0529760004512843,0.761952020443565,-0.45262269792579823,1.0328484379871032,-0.5295539024451392,-0.4476097703715061,3
-5.434080102156486,-0.0008259345822713149,0.8193819693192482,-0.5951077029359098,0.6698749642771006,0.09519800125025912,-0.4923038570267434,0.35218343720589207,-0.5695640701926992,-0.5159739875737464,4
0.8017617682911766,-1.6081380309362894,0.48369236349631406,-0.4623501719885146,-1.041654680268478,0.8697035106392932,0.6081967658079216,-0.3491965773630674,-0.26056202186547184,-0.6413540342577575,4
1.1742654522538136,-0.11113061495158594,-1.2157465339254279,0.4999297993045374,-0.5729545245147348,0.33913750878607174,-0.37545810196355667,-0.21401466478955622,-0.7440087331895486,-0.7344060961894574,4
4.187661890806405,-0.36560260316464765,-0.24234192196428217,1.9430695405510197,0.429577309443978,-1.2862413978346816,1.2899142283335832,-0.17986282884275112,-0.3462519287274164,-0.444463153171706,0
1.0032112888084086,-1.2059295807934318,-1.0170469011424375,1.841943800212672,0.1643140630988102,1.3902603485465568,-0.2411345336643208,-0.5300841099170177,-0.46606302823763324,0.7241755728309869,1
0.8423378130641929,0.01514892685957192,0.6978579287770946,-1.3682604062803272,0.8921229385835221,0.5828134302350998,0.018755284571411512,0.0031794633263279026,0.22905835830453958,0.060016462684295224,6
0.6262723141162634,2.7999179458349994,1.5802336061352131,0.5222332334405405,-0.31936158075254184,0.11981467628393228,-0.38267087243808284,0.1720838348579939,-0.14853651687954228,0.17032931320138975,5
1.0703888443324614,-0.2848840219716149,-0.3753306356114998,1.530004143879712,1.6917069782557836,0.10345100807999885,1.3231565894294106,-1.0767549477086964,0.5439279423780836,0.16886441057490387,3
1.2380484492020827,1.1022778124183636,-1.1470095256436166,-1.2111233819696958,0.18954894653160517,1.194297342787061,0.5294768916846994,-0.330330361763465,0.016365906389177454,0.04904436892655628,6
0.8858254858129642,-2.0175292446849946,-0.2993088906677459,1.1457377114957357,0.25427480471822994,0.24716210919900905,0.13520690549378267,0.12663780640723266,0.5880934493273093,0.19386188935601478,1
0.9659174203860217,-1.3482987950094376,-0.7735049627439243,0.0653846139277211,1.6457555346753021,-0.5841833995862714,0.6992269640341501,0.0221642287756878,1.756037058527752,0.9041203375306304,1
1.4249424029359554,1.4596285379636411,-1.9785194391020233,-0.7761634539365179,-0.39145487910699606,1.3849712295972731,0.7219864530043733,-0.36939502387012313,0.0983942767398931,0.04768902893424959,6
1.1391621519772892,0.1957058772361454,-0.7859392931601004,-0.04829096654264786,-1.0194597866503914,0.16558559164040432,-0.4250779896037039,-0.12268171529122196,-1.0339317738165874,-0.6125067842900429,4
0.8820701127071018,-0.911953079887862,-0.018105391429353523,-0.2873342831858656,-0.025670384121764048,-0.48418457136884085,0.9322093918271864,1.0832824958939844,-0.1746508499578141,-0.5236816424294919,3
1.3449695078856996,-1.2774244353955675,-3.252391362403923,1.3005956141761625,-1.2490738359405136,0.2890975079536129,-1.229694327718712,0.4995986319286825,0.6642411538604223,-0.8861683664180375,0
-0.6248033712373259,-0.516943326118476,-0.3934723722822169,-0.8717580367506352,0.4769582272856159,-1.5161020430995267,-0.24904021628440465,0.3758282441006136,-0.73368881460477,0.43885862324846653,3
1.0850143299178714,-0.12647993164661897,-0.39408326551595363,-0.7682232242189972,-0.6590585407822658,-1.8378625809982925,-0.5020679530572757,0.04656024798188929,0.2768600598608284,0.06820483052589804,1
1.144558288571668,0.7566139892202771,-0.5693121087410626,-0.7026622150757402,-0.5584209943317815,-0.1080424633070054,-0.1323071064605571,0.5148792859999873,-0.5576680535686991,0.32312714360234784,5
0.5870157688588362,-2.249182633083443,1.4925573825731286,-0.4481089460959231,-0.7510905861435755,-0.5355300663411857,-0.9575690612218005,-0.3618763125651958,-0.5843321040602791,0.47272301479651563,1
-1.3823910656144553,-0.8777374649615738,0.2838663904217579,1.0723993085945187,0.44261706053145233,0.7746070418171507,0.42613328977498666,1.3660989208375292,0.32656368275516856,0.5376668840659543,3
1.145445845390407,-0.032623105698021626,-1.3540336359717073,-0.30243137149656585,0.8354031953327815,-0.583606758363377,-0.21179540234195227,-0.5082263039944261,-0.051334109812537054,0.06749053696106394,3
-4.0935105490093795,0.896916025566224,-1.9496086662916265,-0.5208650228605578,-0.8658146076503399,-0.5928938583636647,0.21919897142741174,-0.19573269311744768,-0.5644307843154233,-0.6766866392634971,4
0.8316274488107096,0.7363789581257324,1.8924698146031074,0.16986548107486643,0.1990268289922871,-0.7152141118804585,0.0823652308195359,-0.09917868393426674,-1.1275999306685107,0.5932202643631679,4
1.1778807572241092,0.7063578017286818,0.9401163273174514,-0.2983219427178958,-2.2920011841828134,-1.8287301979862263,0.21461277874865187,-1.1102232746948042,0.8400626310201553,-0.2770614827205909,2
4.130856937635055,0.012465240306311742,-0.6247583908721468,1.8771243449170647,-0.3584603671212995,-1.4176771436844828,0.9006380822056654,-0.7383483275132524,-0.2511806584177414,-0.6039586034683009,0
-1.9767676168985497,-1.77708468471752,0.42234110072730563,0.8608624740389368,0.8839717260575258,-0.08347795036175487,-0.8440454161342604,-0.18903171537641206,-0.025737582786557134,-0.5863383847632222,0
-5.12443679052983,-1.0869395363766188e-06,-0.3862895054703317,-0.06594929604912192,-1.9203970260077103,-0.1288513218103392,0.012385439809900478,0.25975392388553364,0.0016704539877934188,0.35474938897241065,3
-4.564167961806572,0.16716127575320427,-2.610551518868869,1.6339638883690746,-0.10899651938498331,0.4371090845710528,0.4731316459686009,0.07812223381412275,-0.41326375152840455,-0.3653621569297751,2
1.162228325494703,1.5964425779102505,0.9681847492576543,1.1918644393752253,-1.7354073377913855,1.0074110086308545,0.11134046576572731,-0.8010692309384887,-0.15189471067316163,0.16739979042842723,4
3.529004154788379,-1.7311103521438023,0.34455373273233125,-0.2727964752475218,0.6145777605962901,0.49581826191877987,0.3329827550733987,-0.18075455631588233,0.23670763077919243,0.16932792782179418,3
-5.47973942624544,-1.576901255320875,0.29767922780435085,-0.5705121439816456,0.5732795358476478,-0.7401182223031078,0.9150038764945007,0.5161283442109912,0.4790481787711549,0.6329554682420999,1
2.6476457773048234,-0.8171924576578004,0.13564260811606677,-0.09560562662182526,-0.13487987609825733,-0.13491435174457744,-0.6573117622933925,-0.1413809804118702,-0.6202134870024241,0.3047906065727111,2
1.2784158750702024,0.8749334709864295,-1.7413180082692896,-0.8390364426588748,0.8422879038021527,0.8987834035689379,0.6410499568066487,-0.4287755684039154,0.026515179662965682,0.08398159132302063,6
-5.268954899152995,0.01861251579658718,-0.6464667201292726,-0.3435415650463205,1.3147179894379781,-0.8900132628429207,-0.581447868735271,-0.12758332246706972,-0.8080188480400063,0.6819063856561661,2
-0.9709788216937204,-0.679154850856179,0.19543475904788576,-0.26297537612606603,-0.9736649806604454,-0.26777113943394326,0.5242328649812175,0.824783578095352,-0.25725523792440086,-0.5421560815650257,3
0.8692695561757868,-1.4446442653319544,0.0010859587549364447,-0.61332158338511,-0.34655453268125613,-2.005704923335326,0.32237764051631423,0.698343442997899,-0.16114936935597557,0.47755058302166126,0
1.0982124460860367,0.4829144692662496,-0.4211721227486349,-0.9116396328327789,-0.21469077541458045,-0.07431459964445675,-0.09907476913135171,-0.014222079793283049,0.1270992243625093,0.015303727482641027,4
-5.0909226973037915,1.4349534987874875,0.7466116700152925,0.12983190969534064,-0.24161648023133894,-1.3485209251198298,-0.2564598459922697,-1.0682480856029313,0.44849982250273035,-0.13127806130687153,3
1.1814549186544998,0.5074677953868215,-0.8815806259939403,-0.6137959857559998,-0.5678784003072569,1.5285311330717615,0.6321618574035769,-0.2063945303467496,0.07203830719441706,0.14594478569740377,6
1.0961776289628775,1.8908512157062871,1.0986456868134837,-0.5363057507606315,-0.27588005287984296,-1.0812077776294893,0.15985809136219764,-0.4647065109684619,-0.4783737239494146,0.22459377185358576,5
-2.708591648440998,1.1342409703570286,1.7953484804133615,0.8725766606783867,0.016081981446013166,-0.05559827540588025,0.4874800642351323,-0.08268158923348784,0.23076549417101688,-0.6589828237140347,3
1.0828187356807866,0.5912138021851221,0.3540710739809273,1.9632906469947866,-0.21762935798157526,-0.23786304728985186,-0.017505963021140603,-0.5706668699249661,-0.872724420302073,-0.35619459134631976,2
0.9869306007202475,-0.44669180901219185,-0.29247074102699533,0.04297163873420118,0.03164193939990172,-0.4940004211222416,0.26612463207202774,0.7698265589287199,0.21457021802631981,0.29141942734347265,2
-0.8971226854529354,-1.6833020077128515,-0.0023496050919107336,-0.6371140926674415,0.48955437161821,-0.10953963425071733,0.9937636466202268,-0.18659684711430602,0.636222353068419,0.2319300278111014,2
1.1811563548780453,2.340589880346412,0.7482653954160163,0.340673300537636,0.008006286333350557,0.16589528645303075,0.2028358516061281,-0.4848020290061133,-0.043283656335222354,0.0770936779949804,5
0.8338808887712971,-2.170018826501466,0.08613627640088573,1.150094286158954,-1.2728895845469115,0.2189708140076656,0.10278114701183927,0.27844736988715435,-0.38414764080660424,0.860251709713842,0
1.3202137085751446,-0.8822299693568495,-0.3494929331276484,0.1490749393733395,2.009357804336601,0.05654264581885626,-0.09493673233520716,0.11972286541982857,-1.0584348436747226,0.7217929342822536,2
0.7614181322176532,1.0766382087173363,2.831471722896848,0.27134043837366384,0.35990506680072265,-0.2546325215573719,0.21310592320296085,0.17100820196470262,0.379168035388493,-0.7993575599187506,3
1.0504066416199165,2.6345348491596865,1.7865768661607568,0.17174052456194888,-0.33637327060866484,0.13626964808516773,-0.20337453876251022,0.037881590613055974,0.09087181030423253,0.05989301304936928,5
0.6053417611559981,-1.058880767358001,1.696433312998823,0.8257956111538609,1.1099145352069753,0.49645747801590434,-1.1177666185705144,0.9443607243088346,-0.12146937303638827,0.4355894679879814,1
1.1718062606262332,0.7684447044749844,-0.7329063865990533,-0.5617695920861885,-0.5802015091011776,-0.03717958094893303,-0.5452313584806314,0.06040965294475442,-0.7704650416440735,0.29268723508197,5
0.8311119061173935,0.09151893327743299,0.5936821274427417,-1.4514979466471802,1.5642731435180386,0.46920941305885955,0.02489096065692553,0.024291756062502223,0.18236037284242412,0.06024017525943581,6
2.6126430373625165,-2.141830681105265,-0.03114847807221033,1.2301868743842304,-0.2586470737251305,0.47898843909541644,-0.20152854598650394,-0.272423482835765,0.9293021784392179,0.16323699455853197,0
1.1101394667865707,-0.9966079317907105,-0.4715709478845991,0.11747993157077641,-2.286326809946696,-1.10077532185035,-0.5602928799049446,-0.3710677147674042,0.561946158635175,0.1232231043863492,1
0.786358368899498,-1.7809243267950796,0.26751942664570916,-0.5022992986523576,0.0633046358534989,-1.635335914530416,-0.15760318382685934,0.17166891518961347,-0.3983216837250545,0.7145594990449011,0
0.8884676860057711,0.422881486650835,0.44210566902979254,-1.5338228690148388,1.4619355586823906,0.5090913935160024,-0.26592966131005746,-0.21182359986877897,0.03588603035357396,0.01782576835038535,6
1.14911269283219,0.5879660723647274,-0.561739239482894,-1.2590253149836024,-0.7282449855749485,1.2425264317237803,0.500126951498055,-0.3885211874562815,0.05704147882943289,0.06649504323043015,6
1.1489232678398922,0.3980201980703637,-0.7276990002514878,-0.7663661126115511,-0.6232442014717522,1.5344090124629328,0.6835221714444143,-0.2212213353189758,0.04692009653932594,0.15101297391351598,6
0.8574954532657477,-0.5772376687885233,0.4805131896254379,-0.6519315438845796,-0.6578750837172946,0.05644841698880687,0.2753418158569484,0.6264688343871383,-0.6770065721177436,-0.5509804097213229,4
-1.2264603207814946,-0.1479580610853316,-1.2260473495272095,0.00197533980216269,-0.5291134862766061,-0.5478320540792845,-0.002059598656901307,-0.018864548042988982,0.1346228099917024,1.249891140651786,2
0.4956612230972035,1.0533233807620481,0.5382886282961024,0.14845384510248294,-1.8204693429954064,-1.393858386205627,0.5746298116646857,-0.7273053084132765,-0.04014547079992825,0.2356947662877662,2
1.1540992934963965,0.010354042795460927,-0.892145421519811,-0.18174019324046453,-0.7219476654387086,-0.7090558332648541,-0.2398189301191076,0.06406084648156596,-0.16154079772039776,0.23026775284463757,2
0.8376649074439473,0.052041750247510454,0.624426063097522,-1.4204820396194366,1.2841345625201035,0.48641678385873943,0.0853047279674336,0.06418044874753803,0.25024755149960765,0.058974668931062846,6
-5.610956826722929,-2.272454701074968,1.3264181788535903,-0.21544751754884572,-0.36316068464198714,0.20805902719063307,-0.7820251980326057,-1.0331596924468873,0.6476002422291236,0.13473265882040353,0
0.8990669625909703,-0.20583955478356963,0.3904271447243577,-1.0296114791050424,0.08139762098077512,-0.853505817427451,-0.1540383511279263,0.5212458596452155,-0.06629842999028313,0.21695538642080658,3
-4.39705121777923,0.40281835097658325,-2.5212460717994674,0.5120976314244091,0.6596734792767165,-0.5416900998433047,0.733712311399635,0.22558384956182265,0.73198314011039,1.3236081773196442,2
0.7965070640747952,-0.9765769657621653,0.543279034947985,-0.912212209146859,0.28687744460349174,-0.5367376288516962,0.9412861685875281,0.9525546876670314,0.07148068404791408,-0.5569425796750953,3
0.8375679523444409,-0.004398332199491484,1.0447133297895048,-1.5931287090265813,-0.17030840095113173,0.7943602501130842,-0.1278786663830963,-0.1919710248200932,0.14810393350333673,0.035291419021579395,6
0.8469212978081169,-1.345911190335165,-0.4692385290240335,-1.4893312171277164,-0.07791155983517864,-0.7511607970511807,-1.2738592931942745,1.3265731566426642,0.2833410076362304,0.08977158057876283,1
0.41058807697334576,-2.978940013633607,1.9833577935679183,-0.5657747883907824,-0.1490240025487554,0.06200913681414977,-0.44932168286230245,-0.46737189993025563,-0.7357328758480846,0.7061300293872683,1
1.4893039850708063,1.1457759994548262,-2.03240142568007,2.661145182962155,0.29272422087469085,-0.8242077563658932,0.017980404270595718,-1.2481766688138758,-0.5372416707068495,0.5134691439718797,1
-3.565312558670137,-1.2146845838058709,0.006961212022390306,0.46976064241099724,0.626870166484883,0.6745131528872867,-0.3385594459496265,-0.4518156638174604,-0.2442016235146558,0.5791122245292635,2
1.188223890814201,2.150384336618958,0.6271725442601944,0.25517396192803443,-0.09143281984223517,-0.034032229487608756,0.9133443541947031,-0.04236455376951802,0.31562137666546164,0.10598441143927911,5
1.293991692747724,2.098211665973322,-0.8353619966298782,-0.5609686154472471,0.24158074256842124,-0.01579751158569609,-0.7919198640494646,0.4347816673327466,0.13052501513019266,-0.05395236410760845,5
0.5275728288355981,-0.6615915828317063,-0.34412574791049333,0.703492465774131,1.0262897330166787,0.9210264984317971,-0.09466319249859778,0.22240663219924373,-0.9893964846082766,-0.3688097812538413,4
1.0884714186231104,0.4406021502593457,-0.23020829973947365,-1.7373888960181552,-0.5975250269438093,0.6146484025690537,0.4780928189435353,-0.3795420470335551,0.2832321867907628,-0.014327125187799439,6
0.9086171548044458,-1.194100524228472,-0.4307323046897704,0.43911750721067905,1.681479104890746,-0.6438168336339327,0.150468219729459,0.093698536669785,0.918974799181739,-0.9948279650450789,0
1.2378089871109208,0.31050390814247164,-1.7972539703595218,0.8877919566727875,0.4159108915517544,0.10507438120693946,0.4928380592315905,0.7917335030332819,-0.5069596026162653,-0.5116098707529275,4
0.9832046722066321,-1.3257794362103223,-0.5121131825463363,1.292977267689845,0.07394131551174352,0.2265532402453967,0.18684627769294648,0.13114837127953005,0.8725826954919116,-0.8989918422102199,0
0.7860131579008975,-0.3325217871242173,1.2864215594949668,-1.4041203170334813,-0.4940324491799425,0.9721338859808901,0.009491650639979476,-0.05939631316638949,0.19545333682731103,0.08759713180328138,6
-0.7711975856190431,-0.7081283582981575,-0.585663621775709,-0.3566181831294566,1.311085210547929,-0.1438089457127416,0.1488890072553367,-0.2452823361702421,0.30017174956752735,0.1481662599357304,3
1.1304948954039227,-0.3987600322021051,-0.8413975294546174,0.17959300752249807,-0.6118263896922742,-0.9234475285034343,-0.989517842215465,-0.4167646875949178,-0.2673422404382295,-0.9699638114244915,1
-4.908642380237635,-0.053526615405295574,0.4808825501673699,-1.2107388158363894,-0.8604366445438757,0.33906898996649004,0.7675152152137609,0.41755246835633153,0.24388382774022332,-0.8159265316774902,5
1.2389892320977425,0.2804439666102997,-1.8028608568677276,1.1226752324117688,0.32051507570549087,0.3244773306800177,0.5303628555445933,0.8827869633943728,-0.5194854266828914,-0.4755411277931359,4
0.740233948973272,-2.5096029042317056,0.535311397601202,0.9969193423118063,-0.3237145561802237,0.777303187585132,-0.7590052749755122,-0.9649933047631292,0.4789956915302316,0.19771465940510413,0
1.1305234802509072,-1.0936988743946103,-0.8909467569395761,0.811029739418834,-2.1665938149376576,-0.14201450464908305,-0.0736837194385963,-0.02843398736431635,-0.14968755782919452,0.33815249690234667,1
0.9024456359838077,-0.29845981102358954,0.5284799921645871,-0.9030258632736559,-0.012370371728237739,-0.9072311167337932,-0.3629544351347508,0.4903803492840607,0.41242732161060136,-0.007022623123043303,3
0.6993315842109238,-1.4403433044345677,0.9133608718528581,-0.5205005278970554,0.7867691374126108,-0.23082353409940803,-0.665850634121884,-0.5413501050011187,-0.08426260437349864,-0.8781818151786474,1
1.1607072760585395,-0.03323861126738359,-1.615832993589274,1.1787605582385974,-0.3086538718232975,0.5989000938553182,1.1514254693574006,1.2794076609135279,-0.2809050400792401,-0.41162914392132116,4
-5.277491706726945,-1.2431269515604684,-0.7290109677887306,-0.3157813149483242,0.24884164057997368,-0.14868896955856625,0.6682053598616641,-0.520904571719288,0.14944606645084946,0.3951296124524831,2
1.2940104288206156,0.1693160635917712,-1.0666865331160034,1.2944760243513713,-0.8209925953807067,-0.311532424708741,-1.7501336889516743,-0.7556373608411615,1.71506384564089,0.5421136588674957,1
1.262114621847554,0.8510214591287283,-1.4468830764388894,-1.214735150852748,0.10692034896179516,1.0892311102678873,0.7567254193598788,-0.4866803370595618,-0.01173634545013158,0.07247486608635079,6
-2.207444485443409,-0.09557618744242996,3.1737663416114463,0.49365228843394626,0.3818763985247078,-0.27543322793378644,0.5064815050614427,0.3299419344265545,0.17184318139109456,0.6686761900944013,2
-5.314069181990238,-2.0906743399582615,-1.336976025724822,-0.37735855522644246,0.2190053748170294,0.3173977144005702,-1.4563065037068603,0.20275960656545244,0.5390392156959916,-0.00045076642705416115,1
0.4754640849774356,0.5015758371524013,2.703770173788879,0.5652837578556507,-0.5800772611326495,-0.14624519695687144,1.1594373203441437,0.8524627634652147,0.2920285085030012,-0.5072039324892099,3
0.5993683382127046,-3.1630896028316555,0.10410344882174227,0.5859106498730731,-0.681161239700952,1.6086493787618352,-1.3471887202656925,0.9271979773958614,-0.7317626474877503,-0.20187601157573282,1
0.7862610889815318,-1.9935195446481404,0.020517286274322366,0.7952696909471832,1.4406140383284158,0.11833260844308713,-0.823674050832445,-0.8485554763226828,0.5966446650145807,0.11969295447404665,0
0.8558894381777368,-0.7317898593724834,0.3982542855361748,-0.8329810075029702,0.027874187042739793,-0.9966041415138409,0.556939118068298,0.9937844229872665,0.3311195836291829,0.27970976880603504,2
1.1256242936629903,1.8348203864597203,1.4057585972092972,0.7774989868914954,-1.6132799927465757,-0.7485653767156801,0.12028970945794681,0.26296031795876784,0.2756655550326017,0.21780677061987974,3
1.2942862919739215,0.2620413935243102,-2.0431726183376604,0.7573260968085439,0.6333529781175327,-0.5573854733584642,-0.04391050293801141,0.36962270437434386,-0.05894275233068447,0.2541134263405836,2
0.8576066720868283,0.11830653474824127,0.9223971158387174,-1.5799655100853738,0.030039244052217307,0.7564959030120206,-0.2832130866383571,-0.3056525473753353,0.06473988550954113,0.022311331880851493,6
0.9982010361917014,0.12680495690446933,0.5800085717302722,-0.6929168065400633,-0.09612384678940655,-1.2730748184139207,1.1819720726246534,-0.9963580698800066,-0.6085011523307355,0.3270102523199625,4
0.9359538387903287,0.6543610087459865,0.15705796278514272,-1.4940192004761956,1.8661188745587336,0.32995890063407995,-0.40157295114553604,-0.28215114691064813,0.02909450374444944,-0.013858531710493727,6
-4.170974314914246,0.25836552066738605,-2.7800448822317723,1.8122655523125522,-0.18363271337971068,0.038434984101844094,0.413358753654974,0.5112489865959031,-0.8785293033163948,-0.1337668620633809,2
3.970333916860959,-2.3661275548085605,-0.47526261362729283,2.1563315304280195,0.08332671595300001,0.47486804044271946,0.8285417159530358,1.3046161800810057,0.12682885148198508,-0.4681226338866589,1
1.039166757181977,-0.3260303378520967,-0.8760617533872457,0.027104190672519568,1.2699073524614488,-0.7137841351266787,0.51957218305009,0.5344329706435513,1.0127519489674532,0.15789040974353025,2
0.5344086005491402,0.3577065318879695,4.283332670921425,0.39147934996299205,-0.10459959771020444,0.45057143013341583,-0.5546441515068729,0.29583598480301027,0.5544789862720485,0.048499694587738895,4
1.1339483333263376,-0.7574748575429342,-1.9816704622549588,1.7939782228864423,1.3129878882469719,0.7713872617724653,0.7157245032159779,0.08240939711392092,-0.33479824790098434,-0.3558783364020293,1
-2.896446295661209,-2.4645813224737223,0.4090421849141528,-0.4242581996885808,0.8223507798344396,-0.47182512267144805,1.1695079126615826,0.4102826346351693,0.04950517128017706,0.7984689367188291,2
1.4985602892372534,-2.1223178539945122,0.051028194526639314,1.1606128093243782,-1.4292037208079271,0.01196260922902237,0.02098759045350318,0.3766645735014982,-0.49664831006069776,0.901492295507831,0
3.456221336160519,0.7910307033749556,-0.7438274534003577,1.5738923841331287,0.5181248457318292,-1.2852560085277356,-0.021452957256730465,-1.5316308020798257,0.10140925510303811,0.04811252690620865,0
-5.47400300117233,-1.6935808746975027,0.9562662094696055,-0.4267618953095276,-1.029483681152872,-0.6588112640212799,0.5963244127955537,0.5674312376798276,1.043176653880372,0.24902708404223417,1
-5.493459803171664,-2.330824022857449,0.6165161834341817,-0.35922675336133336,-1.081317130543842,-0.9375176119195366,0.8883948029266538,0.2583435333452577,0.5926726722056186,-0.6231359677640511,0
1.1319951385511977,0.2493239217741704,-0.518163220202507,-0.662632881083643,-1.2200752097928151,1.7402537778103289,0.6816855300665735,-0.21222485103900968,0.048308018605329295,0.171969476403243,6
1.0217907710950807,1.6115594696339666,-1.378000900091245,-0.5021159551297278,-0.22531050748500783,0.1380774748337903,-0.47884773894609045,-0.20633195069479782,0.20365028008857644,-0.11089082450163562,5
1.196345793764125,1.0506789994908492,-0.7185452906123218,-0.3233299288918501,-0.4144688190372824,0.2676969443604593,-0.42253433146344843,0.2939289839847046,-0.3041432805628692,0.17854356116463305,5
1.2328879548199485,1.1822679918569792,-1.240679454036848,-0.8235929932002215,0.9332776705302345,0.9538788744777793,0.418772132154971,-0.06278251337225482,0.20835158048243585,0.04466555817640622,6
0.8540505506637877,0.16928745269894951,0.5365898798779034,-1.4314130347568172,1.4637053336090817,0.4053555467474863,-0.08126773376008367,-0.04338901653700755,0.1912575199182207,0.03862407463203832,6
-1.8108997573296661,-0.44723082928635793,0.24145285473901146,0.04691630733430996,-1.2926933104323763,1.3679608250057347,0.4340477214864281,0.2623517659721548,-0.25811719817023526,-0.6693122714693509,5
-3.243526104418725,-0.07179702490025397,-0.8597115914239315,0.020158345460724147,1.4426302623326241,0.31633566028988724,0.4584519214678874,0.057257662767444484,0.14396986013470636,-0.7167706837361123,4
0.7708628828945681,-1.404835238673971,0.5167320718238754,0.2526071829980817,0.6062451295023562,0.25950101807164994,-0.03955174989692839,0.019076500554003784,0.6335608666580392,0.3272270251149085,1
1.299122031325472,2.4210223158776216,0.016161823740030723,0.18864594544447622,0.17843497856699186,-0.3649654179139107,0.7244328349242748,-0.4852638222108385,0.3820025847594728,-0.016473512622202424,5
-2.3453831120342192,0.5918510036632695,0.4178941000877784,0.18878627738697418,-1.5546175491858145,1.0913099608926362,-0.32828223850461324,0.5504965696670446,-0.03891971753627743,-0.7831995278408745,5
-4.130205130843555,2.3392962625769207,3.1707220727996157,0.7547051506778635,0.5655589062748875,-0.07506661895373856,-0.6209912183768708,0.8666201762203611,0.04964796107722114,-0.6095675661495212,4
0.962459076984099,0.6628460697928175,-0.0018926509568679695,-1.2725501763651235,1.817170799881434,0.4565432850554889,-0.3253600343032771,-0.22260769001207947,0.042310965520785615,0.011276877299724763,6
0.6753582035859859,-1.73308929247851,1.9440853591644345,-0.10480390831278852,-0.8249454432801208,-0.8032704099887937,1.8912550086156537,-1.0173732299787892,0.35052932681790727,-0.49593222111739915,1
0.9707086058638533,-0.4135237956688239,-0.009542659652146956,-1.0054711159985008,-0.13762011250095987,-0.929247596265796,-0.17515945924508458,-0.2627735746755535,0.5592581159759806,-0.0890102201770066,1
1.6882383633490392,-0.6035207879441139,-0.011057853488555702,-0.0475888859804352,-0.01525098508308445,-0.21049429123268282,-0.6803358679632182,-0.07694546620670761,-0.597511743945139,0.3157393646692572,2
-0.2787202681070543,-1.8863410799802338,-0.9700281271622242,1.376977993040396,1.5910947717716626,0.021334957334890214,0.5384312632758438,-0.04730544970931638,0.26638027316601054,-0.40924562040723783,0
0.8487573835155668,-1.3759129886903296,0.3418807558280925,-0.02010602219443891,0.15414447250385443,-0.8277703755913156,0.18394730584251717,0.3325288526981468,0.9123255518341749,-0.9449519144745959,0
0.7350409375619653,-2.1314621870388146,0.7098416171647357,0.10875305946945624,-0.9540707468393654,0.38814905052766213,0.35479431985015564,-0.26920809484676456,0.08415820514219652,-0.6631920476198689,1
1.7336481006556266,1.8315516218485266,1.2902618467904945,-0.008108113099626002,-0.23546776564607255,-0.7709108828087201,-0.06595194140088456,-0.07130918244263165,-1.0202419238011546,0.4640900965253788,5
1.3117797744936635,0.9277283685157274,-0.6256383619245098,2.817212602742588,-0.9792458073195398,-0.5223719134845992,1.3726102467328554,0.5954417970791029,0.12208475359547055,-0.4205100848223055,1
1.3613557596782153,1.7352300254567234,-1.6507593634190452,-0.27625376693656567,0.6794647937969167,0.18911218089914872,-0.43934715594572393,-0.09676553736079907,0.22120801841038462,-0.10833297016196314,5
1.0402164750545406,0.6738160964730261,-0.3851713055169135,-1.306118512706288,1.4750138762100862,0.28441967523231537,0.04725949457280343,-0.16723457997774682,0.251239852757112,-0.007265962656592351,6
3.8629685159173985,-2.359675535770795,0.4952942907054213,-0.5891084868333922,0.09894560013423222,-1.6070486312199346,0.26421330407795074,0.3520937455663238,0.8093852886384703,-0.9792294296210837,1
0.06391386929858833,1.040751760004887,2.798340664181789,0.27329875049336194,0.13354629643639682,-0.47252868064379927,0.3091220362244933,0.5080111823522128,-0.07397696578845059,-0.5651525280597005,3
-5.33865915615861,1.1036543403142616,2.294408898650427,0.33363558655702485,-0.9269581189317516,-0.07650999080215892,-0.3153887133549246,-1.038583014982693,0.5937733324955858,0.2364013966623272,2
-1.6479053053785275,2.86231040983189,0.40076069017058324,1.7406012388996221,-0.31250770658141436,-0.01849355558824195,0.07713659523119643,0.6169211085807751,0.5538556350804962,1.2489692279705358,4
-0.2786446372449728,-1.9222647282114265,0.8255226210491817,-0.3176329929587991,0.3730851867775642,0.46132776266522013,-0.39550658212511747,-0.8830975807306736,-0.12024037823282496,0.4151580031555363,2
0.883116287601729,0.5913855975434745,1.8367210150441837,0.7784436024509929,0.10379928922741649,-0.22336966426930227,0.3884074169595598,-0.32212162344790674,0.34565238797770936,0.2691708160556543,2
0.7649052040745092,-2.0519322373425313,0.5749132971966098,-0.06606196559907296,-1.1025756133093632,0.11703852628623945,0.32700150667014916,-0.008494611319252665,-0.25502844124547064,0.52581583081173,1
-4.529795668773537,-0.21353342888262983,-0.027447293223885616,-1.2711592304885146,-0.7683470428988124,0.23699430370527952,0.5173586194586689,-0.19364187686143186,-0.36700765276880487,-0.7380809895376188,5
0.3617258054198599,-0.3411003077136137,-0.551676396743819,-0.8578401733736916,0.2753683855679039,-1.2416220274614838,-0.4874507041095869,-0.3747840504926925,-0.8378147636497968,-0.7095069192955803,2
3.470220957656515,-0.025752180926262247,-0.4263394521645836,1.8062164082977867,-0.6217470903193704,-0.8666143802004852,0.48541362995278636,-1.467382226513557,-0.2730084936559134,-0.7559078182778405,0
-1.6851846197341636,-0.3107755486813111,-0.6180573969646737,-0.09765451188121144,-0.773078339006184,0.11020880667026933,0.12541159337059515,-0.3254212365203373,0.5569490702859587,0.1328452183228565,2
-5.094318150213075,-0.18814340448544664,-0.48146217055086504,0.29923216669373287,-1.960539577906052,-0.346852317676544,-0.27627917347635955,-0.2561604161808222,0.8406779684132779,0.030590094585000394,1
1.9827375546737147,-1.1728855721970306,0.15104555804724185,0.38633986620507565,0.7060316754848539,0.256262766276772,-0.4741249406542961,0.008850436438753828,-0.6387872614570911,0.3936645787380104,2
-4.5790382917914005,0.146539766311381,-1.0646944738013313,0.2886016759686604,-0.9552321947584363,-0.204841059043257,0.17507380147593576,0.3582384494367119,-0.004508807879859855,0.38329388776012824,3
0.9041259102117523,-0.09079880528498752,0.5900592345014349,-1.5301974496511612,-0.5752017298153008,1.24230980330678,0.10861605369025373,-0.48881007311797986,-0.1598244210231896,0.10590966353884468,6
-4.234012927768046,0.9218122227338693,-0.9835433902334845,-1.071504185282763,-0.8948825173248671,-1.4738610460142918,0.13029010858380696,0.4084790013520588,0.4375988831162454,0.1283163062720578,3
-0.3457450123611344,0.7520390167061827,-1.9097451615939185,-0.5251074492124512,0.6092778261020613,-0.7313402905881199,0.013709994687722493,-0.14643623021036656,-0.8110481307988804,-0.6888464309934548,4
1.0890000036305754,2.0831715152721464,-0.027914926764492254,0.38095025072746647,-0.04712468969530731,-0.983149544178895,1.0746302367760179,0.02508860294306549,0.5379997616301275,0.1121907410219421,4
3.9203620471303493,-1.8808357596686758,-0.15143254190391175,1.4629044462742211,2.150642240270178,0.5623199259201617,-0.812345634927521,-0.3867122521975386,0.5767452723490472,-0.9754250583202455,1
3.81865391032075,-1.646916134428288,1.4020478887619918,1.9222478065206532,0.8935163667216226,0.35290234756949324,0.4504075002598942,-1.0448328347949485,-0.5876904296256491,0.7102814505050778,1
1.1570726700501572,1.228008284436863,0.7789384884494438,1.792830805710518,-1.6305895935253893,0.28822057164034187,-0.2151428626815982,-0.8985468911009555,-0.11589984324307867,-0.6765963724404824,2
2.640169697837246,-0.8678163565652232,-1.3132253982290159,0.942316335701052,0.7948203703909623,-1.099060656284466,0.5814925283106301,0.8277988234437624,0.21488616264684302,-0.640478967107825,0
2.16276737488093,-0.992457448704756,-0.40446401285065914,1.309497849676798,-0.08935484827240497,0.14202944355944425,-0.5971196107404747,-0.0529933813876754,0.2551739091549341,-0.8309671243152992,0
-1.9645014473716862,-1.097980680576656,-0.7263111756232192,-0.20701034861024903,0.3376521556719344,-1.6404603099681592,-0.3649618783958305,-0.3719763592825056,-0.06467712796389158,0.4190779359872591,0
-0.218972672602736,-2.554225866442888,1.0825298384001698,-0.2589924767249909,-0.27202570429075323,0.6705192064449885,0.6352571661955825,-0.21919147483793466,0.2436113434980287,0.5353162633408654,2
-4.937539075237871,0.7516190528565613,-1.3202783441958983,1.1324218576183553,-0.5466643412269724,0.4783607642867993,-0.9198969100729476,-0.39791553475969454,0.7998474005408305,-0.08684618338624811,2
0.7673679340299724,-1.928816210652578,0.798252646295406,0.24574826587424692,-1.1606271037925717,-0.008121002907851893,0.06474308111010652,0.22210272043443025,0.0514725951449817,-0.6495596857674806,1
0.759973127872463,-1.5167760911185457,0.8669345674149853,-1.1288287720967227,-1.0134466715583603,0.33338473906741783,0.6313766544185145,-0.29186939618438523,0.05197503696779027,-0.770437504221152,4
1.1576267342088566,0.4486506719807172,-0.710750759934107,-0.8354671446394859,-0.7454378808995242,1.504278263977277,0.652421692444142,-0.2522736583341829,0.05851299586400183,0.1341240166538386,6
1.1591324161416217,2.0658869069697485,0.7395435593795391,-0.1514740676637999,0.11015316135913009,-0.37860228440759636,1.2075579782180457,0.05697192945725238,0.6303693174003007,0.027314467060883862,5
1.0166874424690238,0.18113293679276,-0.36223068640418155,-0.16170670308447765,1.6149386587636427,-0.13749494502128123,-0.2197686172972696,0.27893681696017547,0.8765136456381937,1.0281364600315572,3
1.1766713959844028,0.7610545248766277,-1.024436258073208,-0.5055921607583369,0.5360342281429016,-0.07942944706507338,-0.5863732552433533,-0.3671788838159593,-0.23524671772263828,0.03751340293552752,4
0.7015183951282132,-0.6579293363453059,1.643157855218586,-1.5456050453070096,-0.5423348065346115,1.0408643803450197,0.22339191796890867,0.07428366790289342,0.22101908648272994,0.12573232113434557,6
0.8992237568422203,0.2185495723770885,0.3626157962344069,-1.3089496035207377,1.2352070475870986,0.359377498825983,0.09215894182256179,0.08581942014426847,0.36382262262973386,0.030861464984411724,6
0.6437250493240169,-2.0666211723598202,0.7437620486821532,-0.04201533615559938,0.69061163161275,0.5921070769222672,0.8618672640123631,0.5655207159067673,-0.2117689852719229,-0.48517132396314183,3
0.943859935991533,0.25501510149510953,1.3301619445622777,-0.4692158529536432,0.1275842661171963,-1.1027456415915042,0.6737352763373321,-0.7386070909958257,0.6574622536330863,0.8729980190642523,4
4.017493092158783,0.07559419399052514,0.500897503555046,-0.0820787808751241,-0.2258451938957219,-0.8497197741461201,-0.6147150771221092,1.3668151901278551,-0.441029744390276,0.4416133584029988,2
-0.24173436293272366,-0.8066185172697741,-0.5485718605924428,0.7814409595520513,0.6582688520375388,0.882849589193405,0.5926578717470902,0.6175717648132771,-0.6522028284096126,-0.31865761697584954,4
1.19079058907516,2.267241126753136,0.6886131692639647,0.09634379191747533,-0.13784370422109712,-0.14803406107632344,0.4508519816839326,-0.38175681632313924,0.03243936974262107,0.0887902486814286,5
0.9004362473795813,-1.0526704687968924,-0.06671516350957485,0.05280979248338147,0.04405000611423031,-0.5160466656356786,-0.09091726305245229,0.35021218944563903,0.15150614641827875,1.3414695960473257,1
1.292724277243584,1.8156134744128956,-1.092343588589073,-0.9193136273222986,0.7394282307035767,-0.3754080067860357,0.06721457347426985,0.572704126841055,0.8682010087082217,-0.20320113437947301,5
1.198494828999787,0.10056918687048721,-1.4757131717112564,1.186856273519782,-0.2166711284036347,0.5298973098966091,0.5079557490861321,0.920239328988415,-0.5207052991947003,-0.4530959376121702,4
3.672903723796661,-0.7895324899851236,-1.3211055466295363,1.2248441160059573,1.0249882565190538,-0.7256426546797655,0.24443227618326768,0.5758727845268501,0.1928993767908631,-0.7206093362556467,0
-5.257172456758084,-1.4010326695715003,-0.8876787171063463,-0.018479706150667186,0.18021122662948616,-0.0006536275006372438,1.1853949243072668,-0.27684626994038575,0.9090754919077306,0.42373506678873896,2
0.8769967131631199,0.3685259157487182,0.46498863752367425,-1.5271181012888386,1.516938274781246,0.5128611849969607,-0.203319935019996,-0.16452714921071543,0.05393093312581554,0.02771097561428898,6
-5.198957338882321,-0.05839478502500539,-1.254498226538159,0.2763551172568547,1.4948058973689817,-0.5282598377666159,-0.3894156753390474,-0.1354344464386259,-0.9426181060939132,0.7780960063519073,2
1.182241470247482,2.298321196733234,0.7073029071225371,-0.16513469807082604,0.03357524870320215,-0.5932201857351602,0.6206015818385269,-0.10627413433703134,0.03755847535069945,0.13595601792812856,5
1.1919876462617953,2.083395183049061,0.55417679535213,0.23687380062861452,-0.0012889106853462423,-0.08758602196120291,1.1206090564420292,0.006906455195424613,0.5230768364258402,0.06784814423922148,5
-5.210076833254326,-0.07047964591455225,-0.4854483124994091,0.3864810239517752,0.04505955680253107,0.05019200648118405,-0.5602342733220625,-0.33126057498974726,-0.1398906235496824,-0.7878661111458773,1
1.0656074215600984,1.5879463630462776,0.5584209942759233,2.13931545112076,1.5309438217170466,-0.08367851051317887,-0.11040178902223985,0.3583122629803557,-0.736706037556047,-0.5018501184994966,3
4.381077368712821,-1.3171868301276572,-2.942770756684614,1.2737889567520018,0.3516243523803031,-0.1760459363215392,-0.8443729716726448,1.7561420146741922,1.600675309051732,-0.028959604502084124,1
1.2653386400239692,2.1828871477038287,-0.38697319693915566,-0.8623137833529544,-0.2602236181450436,-0.12292137565959904,-1.111411521971117,0.2754260977501134,0.24130048613072574,-0.15858732973807682,5
0.5536596377644523,-2.0986096666444105,1.2505471317214276,-0.48885896095179615,1.0501390942218038,-0.4057558742662064,-0.6113526006816544,-0.29602089380990804,-0.5282854087389002,0.6021557228803109,1
0.732257229347556,-0.5342429113077666,1.2266463015031461,0.5681582890056438,0.6057449637471578,0.1890400576712119,-0.2627649916665574,1.4236915090169056,0.028203362458033787,-0.5062701230684652,1
0.9592791594165214,-0.8820445043991753,-0.14125480093260112,-0.6294342448047008,-0.8672223442931707,0.1852695628441674,0.3412641902861021,-0.09427834747552344,-0.43436094585517004,0.44413229181588815,4
1.2041636474421933,1.2080804250502961,-1.0590232982784236,-1.0869708349244513,1.0350289281811358,0.787166243321268,0.31202871945238797,-0.12199680554475012,0.20200988652624785,0.009927749466257463,6
0.7586998285675638,-1.7054810148193202,0.2462006209373293,0.3681573643865599,0.559586906050384,0.7137394596217472,0.5228733764973726,0.3668414673859436,-0.39601524157142975,-0.4778446267505209,3
1.0398611188037354,-0.10289878946841235,0.4272329024790471,-1.3647241203452365,-1.8901007360835773,-0.5197810728681834,-1.0371848384840203,-0.6223050166039517,0.2554382573587364,-0.2926110156278426,4
0.13559137704830915,-0.6893567647429177,-0.536688059603672,-0.3313719679431377,-0.7816283484321146,-0.3070679554497917,-0.018875893849010672,-0.1646702328853631,-0.5247448502001422,0.362157956034992,3
1.1698621186859275,1.081086959411436,-0.6328140126672672,-0.5528785049447547,-0.5252511346506846,-0.06835316505558353,-0.5868106168644062,0.41782545366261914,-0.8267867227455825,0.34609904617549275,5
1.0118932211547513,-1.9697431171670763,0.13451017752839478,0.18051820724627365,0.7869794657101606,0.9815537110539332,0.7428632375152714,-0.0535023196255181,-0.24543139626311916,-0.5929626204007028,3
1.0467844649021716,2.7301352238792673,1.9331498654394426,-0.08194443171291799,0.05443747537941462,-0.05571810701207547,-0.11316810194892091,0.18521065232656092,0.2891319774349017,0.001119377833005586,5
2.2343047911193854,0.5773971426555283,-2.047018575481153,0.6027908276783308,0.615125195724319,-0.3044193746497148,-0.4349114708197589,-0.24652339511943433,-0.09099919536347345,0.11520060051738384,2
-5.0040890991587474,0.5512622652012441,-1.0528043767550663,-0.8187994535646841,-0.5609856403525452,-1.0248651445201236,-0.9484638263412292,-1.0796064834148043,0.4179426662094361,-0.19803139217351978,1
-3.0194101479547912,3.1544852502269927,-0.43875848537802264,2.1647315931266933,0.46677311155952617,0.05104732903560261,-0.021200689751664725,0.2741782643009064,0.09788919709328026,0.31172175555172693,4
1.3118120015521866,1.929636632926862,-1.1109474646127684,-0.7999610572598346,0.3711253031938936,-0.5061474377652843,-0.9548380227860841,0.05004853807614629,-0.15724721573731948,-0.02966075579416705,5
3.0209453708013605,1.6890126213038954,1.6875846262728365,-0.40655568935952746,-0.12897722447471696,-1.0619204464992409,-0.13985412733114122,0.010149860029824223,-1.1336081750024025,0.46770767666277013,5
-3.161229634577302,3.1464679840747287,-0.20857539072809628,1.0628571759407828,0.7485622095491585,-1.173289691161588,-0.42560790012313376,-0.19205366194360257,-0.00368086731212669,0.19016408623339082,3
-5.164071353940508,-0.5094290303158974,-0.6147736753994184,-0.18819033093827353,0.18656385908840364,-0.607567110262721,-0.3119188566054103,-0.297358900747142,-0.9303186446478782,-0.5078646097622121,2
-5.529768384007512,-1.961178878885244,0.32659057029600413,-0.29410818776843484,0.8111679484406568,-0.4912189520778345,0.34162225518658584,-0.48091445826139934,0.3078830191803785,-0.5336477552555399,0
-1.1645999679984,1.2425990928024064,-0.6653808127014427,-1.3679887856999973,-1.7184752826227634,0.10838379846818369,-0.6668780481016158,-0.8773097572361059,0.056924383174663085,-0.16893836831957648,5
-5.120990519905324,2.0615784883983257,0.9958925758449169,1.4024483505765377,0.19719006386280316,-0.3801746286841866,-0.1260746986291178,0.13148890545174236,-0.5175704304135103,-0.5097802921523724,3
-4.212238585276708,0.933914448607522,-2.196838383416371,-0.54209149069813,-0.6186937422906124,-0.8277778780096678,0.7275863733202538,0.17636433085735348,-0.21928944270072348,-0.6820905898350631,4
0.749366654535655,-0.5396345140503915,1.4854836651466472,-1.5081925701301342,-0.7108820673275988,0.8822746550311626,0.24954216960688658,0.1087673575739666,0.36703122938534527,0.09110771051640709,6
-5.073929015955939,0.2538295227356877,-0.9757892929098937,0.0622421993432003,-0.24273504587243924,0.00011743539970177075,-0.4925019381352056,-0.5118511613423513,-0.09828294098908374,0.2984381680930998,2
-5.3475523462435905,-0.33795889398028084,0.13906993561574754,-0.9015632747559266,0.27685065424849276,-0.5772636015112934,0.04134083777938946,0.4538618161332665,-0.7526927356479993,0.6784813669144887,4
1.9459023287143116,0.09409974529689241,-0.4512437310053279,1.9215225298007073,-0.0288134357789325,-1.1753311358579994,1.3357354834902662,-0.30538159640931994,0.10723800111151638,-0.5895085126814736,0
0.4497799870941826,-1.014074561546935,3.950941539092267,0.7937682227041725,0.029750973337147463,0.014882503339317732,0.3252241109472895,0.06953305998504897,0.8647815331759321,-0.9007426561568859,1
1.2075337255773748,1.2280302072632971,-1.0628308687100085,-1.0468076506660553,1.022327551325728,0.7981235801717652,0.2085826237037135,-0.1842187857284152,0.15887845122369804,0.007042500007961305,6
0.8413937248998838,-1.1321642209074065,0.1170172470921429,-0.6592333535693291,0.2456940634944527,0.36381807519209985,0.042186173452023135,-0.6681680586786991,-0.5029291281956125,-0.7102156738456316,4
0.5996868175637964,1.0637701855578503,4.242168808151763,0.6496338033407988,-0.3807567536565436,0.1646866786839123,-0.7446777982709422,0.69945726360176,0.19952948542101634,-0.7759974499815132,3
1.1183108388706766,0.272555794631986,-0.026205961722687077,1.783486894177109,-0.25648608749320057,-0.2828382261319491,0.7672217640851902,-0.8011083072613733,-0.0022970162009849915,0.5170722218511113,1
0.9076164375291824,-1.5776583589515654,0.020835736559313256,-0.06587232810746857,-1.326340497115676,-1.1953661503683288,0.16261414170860544,0.27863242374391506,0.07781418143226304,0.35956256012718296,0
-5.492548192301232,0.3302967006438668,1.9104964434002687,0.27603112184251455,0.9504046356718762,-0.2786760693718684,0.42855839048549704,-0.618135526598062,-0.8086904661534411,-0.21408640852012023,4
0.8656989575465263,-1.6906647894015845,0.18659064148345073,-0.24404343835581188,-1.2473315954390092,-1.2339749784366496,0.33062055457060324,0.4051495083859547,0.08310125487556874,0.3847470223513254,0
0.8564696998211426,0.2699938378799772,0.528263223683179,-1.5367162733577653,1.534365391460314,0.5458214607020513,-0.06600537170130172,-0.07028711201226956,0.09233568383298518,0.04575445259423416,6
3.580264448454509,0.8332152630546253,-1.8652913725134288,0.47246103646259363,0.2391873339549687,-0.6286899571913374,-0.6386335535531297,-0.07832610185488831,0.07144621585071231,0.04074720927363645,2
1.1973814432913628,2.3343334495735615,0.45186585977844085,-0.28851826223204347,0.8446758256124576,-0.7453611775970045,1.3271487253572403,0.1873465586295091,0.8517600081090877,-0.03933095979456286,5
1.0445115754531715,-1.0827912755652953,-0.6602147159574707,1.754921347629992,-0.44733830832361166,0.2858402569347851,-0.19728482531359492,0.32094553519248736,0.31741497822898124,-0.6938498756026441,0
0.8555532548517093,-0.2279177901146308,1.0190133055033024,-0.2631890609804137,0.2995364262990363,-0.8775437974416769,-0.6107239532374696,-1.0256874472026423,0.1298970947587974,0.13259903330957223,1
-5.08883888669281,0.15196259002820944,-1.5606842833999657,0.08298388399698964,1.3596443989901883,0.07918194478007878,0.9884865765379148,0.33150234734155126,0.16602522691811616,-0.5984354031517842,4
1.1860592525660694,0.917353455162779,-0.7179610931780791,-0.30280870860201126,-0.4371981316514384,0.2313199968301305,-0.07545128371519783,0.5433394171108947,-0.11137120839407544,0.197314876184507,5
-5.253579731004267,-0.2169659550692276,0.4528446832109545,-1.1058230802513909,-1.3054854446012472,0.4699703242674844,0.9282637853635846,0.4134860812037662,0.2728125755436932,-0.7846544354428591,5
0.8035634724226135,-0.06193932049467887,0.8683529260927386,-1.4833165602663387,0.9600154305144616,0.635513205983103,-0.005042546792211611,-0.023727014073590236,0.15277820400479092,0.0705117014623795,6
1.2317139894154163,1.877380524159932,-0.12539506744863904,-0.6090266292826065,-1.172963871461803,0.42062721861662955,-0.9407131459260637,0.40398536293248877,0.1637682248953216,-0.02514665612948469,5
1.0563749350562865,-0.39980208593668154,-0.5481572202232807,0.28558454302585445,-0.33836266956631467,-0.6092638937267933,-0.8707997691150337,-0.5935846427802158,-0.06993618007841018,-0.9501580738595845,1
0.9866011591438696,-1.2025147614808915,-0.5683845151457103,1.1269970155163531,-0.15679520229851004,-0.10242195872574056,-0.055248647479095636,0.4473322316943169,0.1837885833128503,0.27890842310625097,1
1.2938878718003477,1.736680365608818,-1.0761623507108449,-2.195257437236296,0.06064484799362159,0.7506314695101515,0.37312988539603886,-0.5335494855846481,0.07409855691633416,-0.1162509883232899,6
1.304023578550783,1.3628230423427818,0.5813851454745845,0.5905203216574483,-0.1484147362857586,-0.7798277734003497,-0.017627868598999008,-1.0397167906491118,0.09404913527199099,0.04337840038337154,2
1.1078568709238634,2.288865958029324,1.1722379461749386,0.16052482857952155,-0.004066068329739256,-0.14862133527565213,0.11526874396022896,-0.10234707997371076,-0.3143380556030153,0.21862279490081132,5
0.8886832824401117,0.41573339395836784,0.44105714315116396,-1.536622929988636,1.4507667559780557,0.5021385273702481,-0.23398519281582375,-0.18922984535902665,0.05653297606609842,0.018149124254087545,6
1.3967363676118605,1.1289287986454757,-2.260835421805737,-0.4918763840540292,0.508368511218478,1.0564110761349934,0.6236843974361969,-0.5176766220971007,0.014253990154570406,0.08404402199465838,6
2.19457841229719,-2.457874076006835,1.4460483046511978,-0.39725084137750133,-0.18640887165920247,0.6859915979319036,0.5274430697373772,0.3260066173716142,-0.6270210501224998,-0.44215865741348653,3
0.8662603896679772,-0.08406152172594039,0.8674726967799627,-1.3327959907308327,-0.24370733175263395,0.6730291762531064,0.07787716058253491,0.005472927779114789,0.37849872493958303,0.042275349764293035,6
1.4073479464553367,1.9984870533764085,-1.6410569932063697,-0.3963426853375125,0.26369755847607057,-0.3628190341461679,-0.5236646749067356,0.24064333632350288,0.17506676203868743,-0.04499080312866677,5
1.1502581524693531,-0.5650170257092374,0.6737168834221208,1.3347487100783493,1.7469621686238679,0.3402781804199333,-1.1426187080530834,0.44753805545277403,0.6794660448346734,-0.9789536045533858,0
4.447216246357905,0.028443875078466685,-2.8863772041524047,-0.22835515475324386,0.44377812301567277,0.19068868869831657,-1.7903022957454326,0.30383313624148056,0.3294548049194512,-0.21820111119977087,2
-5.47346356561873,-1.6430513526015647,0.5570773194187447,0.3107605814483648,-0.8025014688521526,0.5941271264396577,-0.36170605367315334,-0.4275011402397024,-0.5339005264005399,0.7491674380623183,1
1.5718931102115277,0.24314400188459617,-0.3058446706314244,0.28747562683167915,0.31536494301440676,-0.30218195319944663,-0.9308100543505052,0.3254259841128573,-0.3927535740627941,0.2703344864479711,2
1.050224966757956,1.849000335286433,1.334726391092734,-0.5053691681983279,-0.15088890330734397,-0.9758722865507418,0.34355273991496715,-0.145577188457773,-0.35835112402962555,0.25167353748396826,5
0.9939846486933145,-0.7713675218544838,0.002844931669402806,-1.065440653911776,-0.15786787378969788,-1.1251581581488281,0.28408039499408044,0.292095280982162,1.3886049945268146,0.8730660970382742,2
1.609908872090145,-2.1209126354720773,0.02931905253675704,1.1652761042756479,-1.5328809844666131,-0.09475803188115273,0.001660301962797761,0.4449642914850296,-0.6076891337594856,0.9504614521655845,0
-5.567080932082165,-2.103857217458401,1.1655513981064063,-0.2702575508299474,-0.5670736381881837,-0.03893295817496634,-0.5568497107719187,-0.9244662857567651,0.745310051685844,0.17761839537060992,0
0.6907972949741757,-2.3708538337360654,1.029539195049528,0.4019957567496293,-0.7442395619683241,0.4506535110896921,-0.8011843072318171,-0.9685764933644727,0.5094851612532345,0.16582135745313625,0
1.1233326250625366,-0.6018488751021672,-1.3037535985620055,1.5226474074679126,-0.5067741238050167,0.5499341145122991,0.6637371899671761,0.919600586502942,-0.49557590795288076,-0.3725822979457825,3
1.1604047111008582,0.39821171300045854,-0.6371495907743023,-0.6747086979021719,-1.114021247078618,1.648764993301224,0.6356222264011789,-0.21847951603075422,0.08071721712262381,0.14809485882084933,6
0.14057017508184166,-2.623686132605558,1.5544528919109257,-0.31167205603713555,0.3769076376691973,-0.0049413689456756504,-0.366645275439176,-0.5092766536238025,-0.015840260820178642,0.47474874310994625,0
1.1849273808108216,0.7413157795411364,-0.8702705138261437,-0.14470992237269598,-0.6186698725577138,0.3027736564802239,-0.06074522338942184,0.6282848983037521,-0.7389913249677653,0.4370879121775652,5
0.5665973647066451,0.6074434217208029,3.7162317292842877,0.29569246688018236,0.46351872510575776,0.20875512017817788,-0.2348516803195032,0.3297112898517984,-0.2947866442081821,0.4648659784369036,4
1.0228298019286606,0.8607453204195249,0.8854596658797137,-0.7387843800332607,-1.6030124043428833,-0.6173826921207246,-1.162355696140419,0.6106710653477125,0.19362729936135814,0.04113440384375883,3
0.8182689793502794,-1.396823417027051,0.1470470445152383,-0.35018768178652326,-0.09858944300481112,0.5224495216419949,0.3864731132748841,-0.19787793982766955,-0.745065425251273,-0.4873661001626656,4
0.5073165041701325,0.2506738616857661,3.611658807541059,0.24879788848948703,1.1487463636459627,0.2679508506637367,0.009526014381213865,0.26660881682460796,-0.49393823018791316,0.5434486053836354,4
0.633248333098219,-1.4759523833955215,1.4462591347245999,-0.7466154493631654,0.25782432743385,0.15573037386833488,-0.5551904453063826,-0.4193403734146772,0.21896047497545634,0.27993232179988764,2
0.8373886854996928,0.07014584749339359,0.6895847079850941,-1.4483640969536717,1.1253266576481016,0.5035836454879123,-0.05395824061834059,-0.04029885969888869,0.19274368509413708,0.04775056851791332,6
1.1351437329361174,-0.15988101107073882,-1.1589244959201443,-0.37599083847391523,0.2335348520860859,-0.4533131812297825,-0.0017044466099184197,-0.43867824350450046,0.14625860794427759,0.03998794254536353,3
1.154996067877865,0.006454709011627813,-1.39347654633028,-0.3032738072376684,0.8703472827727075,-0.5843664361682943,-0.21927390797505664,-0.5446662892161722,0.008248678317960945,0.038885139421666826,3
-5.398113379061459,-0.30970822955702954,0.3930409334864483,-0.7617539953264592,0.5490105681055796,-0.03997146514660965,-0.27006999415460664,-0.03772746265357685,-0.7377165281903026,-0.49357197079132226,4
1.1126782000605118,-0.6117398146258347,-0.09164459400816583,1.5056214020127758,-2.03822989721103,-0.3384645376308465,-0.6349714951268476,-0.9702027145666219,-0.10876962841726856,0.33426059387827634,1
0.7944145556434148,-2.474943903866479,-1.620420126519998,0.6604609226466938,2.0860975371389174,0.9812814898199984,-1.2277783319714537,0.43711869683104565,-0.44958717980914464,-0.3931633749972892,0
1.1633294632236342,0.43295346599780526,-0.7784994069423694,-0.6852913674099046,-0.6992170981460515,1.5915433605707394,0.606859635002926,-0.276840276281749,0.003948767478522797,0.15303733428063326,6
-5.167402292955388,1.6053647596481824,1.1130566022453565,1.230575366791376,0.35657681332037117,0.2402498720816597,-0.13403724353673752,-0.7006489906957558,0.5216047689012315,0.13586345459146804,3
0.8077310565160067,-0.6621085096036513,0.5443108636954079,-0.6552123508061061,-0.5494597847604694,-0.11465768252618624,0.06183903531121271,0.3402169654029963,0.056430280175334246,0.3254524524338658,3
-4.086708320188486,-1.569132025529576,0.6777239444723548,-0.3496924272496684,0.9554551005745918,0.09314329231714558,0.2459948101784607,0.2695244265368222,-0.66013010755324,-0.3934984820212129,3
1.3381399702520513,1.358359051382489,-1.7210869574154481,-0.8071572822528554,0.6227502610063852,0.8417153679697407,0.5248272761670553,-0.1958233155445288,0.26758377770509423,0.012677545947038404,6
-5.3200390079568995,-0.8938044158271411,-0.3471420152402789,1.4705989032238187,0.44865532408150555,0.7538707256594976,-0.5069241089197674,0.07345472539366316,-0.3429179114100771,0.7767352162819539,1
0.9530547612304927,-0.9294574792312543,-0.43067046530450903,0.10322284422749539,-0.14242209417394833,-0.3380380528522615,0.3484746060885672,0.620100923314904,-0.5992271895674801,-0.5215193738716088,3
1.2102054685971788,0.7039016185359955,-0.8691874901878653,0.10161083127716652,-0.5177550014298248,0.46842875811214535,0.4056457700297943,0.6309240259790208,0.7370429779632848,0.01854911869543535,4
3.4203893785161243,-1.7737950736242647,0.38550453366394144,0.02384069067006589,0.7209684640999025,0.8555850320659295,0.403110185975431,-0.016425599531291746,0.17311607408890195,0.23497385628895578,3
-5.057470495022825,1.7650341767105044,0.3829187317027658,1.7296629060319526,0.13715544208644473,0.9943026685684844,0.33222027215168404,-0.7457645393177562,0.19152447887137747,0.31874823613292225,4
0.793924226435631,-1.395249525799191,0.3610868711280064,-0.9034703989034762,0.5081054999547551,-0.36851164656995317,-0.5852225255061915,-1.1572680667010993,0.09137485036861515,0.197352301550062,1
-0.038014436300270904,0.5467260484761524,2.775798575227263,1.4542156507134942,0.42163318609516887,0.9419715434605631,0.043972966594752305,0.36415226148216095,-0.4698350311824231,0.6340820489392505,4
0.6990004955639315,-2.549416867722628,0.06492304999971643,1.676056851600214,0.662880256119536,0.5104881167574267,0.14440740177005906,0.49132837405635565,-0.6755056007870637,1.014379777281472,0
1.0464161655950606,-0.8231705290835974,-0.6532012002500756,-0.4410319083382521,-0.10350913724755503,-0.07729918025185223,0.4671076577915215,-0.4070331447703912,0.9390974200941193,1.0215721655371444,2
-5.472901605396337,-1.9919049883865148,0.2696525347688423,-0.39448459054374685,-0.08794470205191948,-1.0334377669460815,0.7403351714278571,0.19163481391148884,0.5399508598923672,0.6097434346824273,0
-3.7292009610595627,2.2728400026422744,1.4001498629799078,0.9713790481505132,0.9124980803291007,-0.14482914951991976,0.3044382096462919,0.23687672812420185,0.6927172083928368,-0.8244814054787708,3
0.5753393712570959,0.9520669643870068,3.554042420431001,0.4081493457311608,1.4931557032101044,0.09662901952830927,-0.2884927113184953,0.5845215865649835,-0.22370807460662334,0.4530073237004184,4
1.0307525645359021,-0.9093893284880578,-0.9274408534689729,-0.39027251829738785,-0.46084582721558465,-0.600149281457576,-0.053026272599478674,1.3623365930344487,0.5720554379065899,0.1685727557284366,1
0.37658402448793027,-1.4821817823133907,1.0063906969758512,-1.3905652527162948,-0.9581933699788141,0.20115777188883244,0.6413730414731126,-0.1948322771659079,0.3374705150479187,0.1898014177215973,4
2.115686988612007,-2.222014154611073,0.5979394131239554,0.0491908825574251,-1.2199341908020538,-0.6046525300220467,-0.06795175559719235,-0.0010399733354351515,-0.2014792902119691,0.6615622167250215,0
0.8637288897770407,-1.4428552721299623,0.019676458756139437,-0.6495364375553054,-0.09792780292056005,-1.7129170393226278,0.24492293467467097,0.2814175019593904,0.2160367583379954,0.2654443183232982,0
-0.22067441927343412,-2.8001821966300557,0.5019377371779175,1.2724697694092915,-0.08842511472823147,1.0308234195338912,-0.32960270188088625,-0.6643748205167614,0.48382248146339313,0.3241090745907487,0
0.7174982627398282,0.10654837318963915,2.8685184121611,0.029282205619502566,-0.8237786680980183,-0.4800869218573883,0.6503287600451753,0.0827033654691916,0.12852619821474542,0.41996272249761474,2
1.2079002339626255,0.6669089350331889,-0.0919492551979465,1.6841406638067795,-0.4879334634383865,-0.9049123285921538,-0.0708334821673513,-1.3771584464942808,0.20363298747247427,0.09623121284398384,0
0.3022547067223993,0.2654906472155748,2.5646590835256604,0.6611396320170942,-0.736546376251725,0.22179602583277624,0.1965615593944239,-0.37656446370812,-0.07131321878868269,0.3950699952620912,2
0.5809980570193756,-1.618377762789391,2.2345552483523674,-0.3902468678625597,-0.575122932362608,-0.09079457892040244,-0.5403717473079381,0.7555282621981159,0.6784825905242382,0.11503453678509629,1
0.8542711344557633,-1.431878543500824,0.06204788482648449,-0.639781250619553,-0.04977159447377279,-1.6416523308397863,0.07598400450369669,0.1580840413140805,0.08609556850910227,0.26991798493787783,0
1.1649043676310007,0.8499669554567221,-0.6871201722600413,-0.006750187180962763,-0.5446914904917883,0.28376471032199757,-0.6204636802709486,0.47046098842204764,-0.9901239979811263,0.4499350788473797,5
4.219601696445217,-0.32314809323921395,-0.16737604235805326,1.8230965890359394,-0.4548673777665403,-0.8724219445927303,0.3294755115561094,-1.349997114879715,-0.8758413549461741,-0.5551408699014362,0
-3.1946637135114098,0.5921291112623709,-0.7553352321609119,-0.8944824156772226,-0.6245837683936473,-1.1085718668223024,-0.26122832225558157,0.05094844399250287,0.03423495643166152,0.16379612676271915,3
0.8706502061375937,0.33569632600149135,0.5210019751924851,-1.5440236302262542,1.3993583462172878,0.5538269299729317,-0.178341576721759,-0.1552236587384439,0.05622702395622703,0.031649133686852016,6
-5.555025271898176,0.5431004027387292,2.914115685165311,0.8754197795955467,1.2132120532615496,-0.26868385392599514,-0.385852542065549,0.022293468015566212,0.756178079152932,0.14200757698386718,2
1.181570498766487,-0.5838778234615177,-0.8105867497278969,0.7960714194114368,-2.170537654264738,0.24345641421526443,-0.24518696194822465,-0.24721121685415692,0.6301642385642152,0.031059361105906902,1
4.183578483433334,-0.982311216262061,-1.3688424983755885,1.19468770290928,0.9147974825983124,-1.0742853505754644,0.652989867645123,1.0911978153179527,0.051134574570343094,-0.5440300065773933,0
-5.198957338882321,-0.05839478502500539,-1.254498226538159,0.2763551172568547,1.4948058973689817,-0.5282598377666159,-0.3894156753390474,-0.1354344464386259,-0.9426181060939132,0.7780960063519073,2
0.7836820492535604,-1.1582856784722302,1.442607872031368,0.11690491860231034,0.2678175532908068,-1.883490196239047,1.627153178625366,0.04051940060835364,0.11603671543477834,-0.5659973282866608,1
0.781935909255405,-0.21858240001806212,1.1353441949387022,-1.509148161729523,0.2746166227906639,0.7719142930923193,-0.015370436131950327,-0.05753157558845756,0.1624838058247038,0.07529239436278701,6
1.17073131214731,0.9980418585094576,-0.6365804206238488,-0.2807379479514369,-0.29974333930566077,0.3521741349399905,-0.623363012814402,0.16545539956880684,-0.4936737581165833,0.203704671493466,5
1.1502400648925981,0.8508555574362081,-0.5819068037473778,-0.17024105864711125,-0.5215222165479803,0.14958941979842177,-0.6632822621975011,0.4332363574906326,-0.939409225626177,0.41553594549509865,5
0.777086215391325,0.8436287912259596,2.450803832590843,0.2284465137864342,0.5439172693427536,-0.7542572995280141,0.9083229380277604,0.7830933278943419,0.16930888818224288,-0.5500075806690918,3
4.179633793880751,-1.4114663493595998,-0.9982755015814486,1.1133364703730824,-0.60598443209734,-0.7365989487150311,-0.10141036269319259,0.144419223290846,-0.06782151942383186,-0.7553183796720151,0
0.7169310338387062,-2.795987232548892,-0.3748497436326599,-0.29784333694043474,0.6733386887314449,0.8112694400720575,-1.7523733465750428,0.09574193036709011,0.8271880612587292,-1.1534971491799049,1
-0.9695992362146325,0.3628022532692836,0.593699448297049,0.450846385779744,-1.3677599086756569,1.5422321333166507,-0.35341156221741954,0.5691969670293476,-0.16243308835465564,-0.753762746461913,5
1.2139350981848671,1.8020399529553548,0.45921070499667094,1.414834462114607,-0.8055056854024552,0.2168105260019626,0.2739551888094107,-0.18903839525921778,-0.24593730688790139,0.3284123693554023,4
1.0148045442593339,1.4582707137228361,1.2735222036867602,1.2804942967741346,0.00800820533261827,-0.4352897583682158,-0.174136097759097,0.020099484393336794,-0.6969932061701476,-0.5564403514378224,3
0.9190984876060712,-1.361325902551561,0.3550815250195591,1.235560916764937,0.8893910652349016,0.3778451424757898,-0.7590298200601676,-0.0020852117175347296,0.17699139882650616,-0.7996212879662734,0
1.0451818091510185,1.80252184685444,1.2494717138153044,-0.45940588254084713,0.04078326795174412,-0.9535522543081758,0.8008214584290709,0.026661046413124015,-0.1859705623104837,-0.7832108868513308,5
0.5012940154884478,-2.370712950762708,1.82459563286016,-0.841150885465664,-0.3941825960676065,0.20251014264105027,0.3726547823348271,0.38844395097442963,-0.6107708792567099,-0.43918254138029494,3
-1.8570697302911685,1.886901798902608,1.341170448433228,1.4082738068165774,-1.6095132984540077,0.7997833675268005,0.02481458965422484,-0.1611902045788035,-0.5085437326191271,-0.6103465740773535,5
1.4193476993688146,-1.7854163443410682,-1.2448015692338064,1.5068544334840859,0.1685006242351149,0.11238174489109176,0.42491613179721066,-0.25421271267361845,0.673117509794809,0.4404989980957042,0
0.9173846079106344,0.5516339905569666,0.291947354996408,-1.5140058333053317,1.6169122296023193,0.4069244765374196,-0.34031641046355954,-0.2513886337329436,0.04480909481950368,-0.0027648920763878038,6
4.436571636755066,-0.8728336328005332,-2.4443126629101606,0.01489302765051359,-1.142824033315946,0.16333230434216106,-2.375636114749862,-0.27266437342739924,1.318758351057142,-0.5884669259569628,1
1.2276901292193199,0.6947798542432612,-0.9543202510827069,-0.4881264814062012,-0.9631854124842905,1.757796431774344,0.5962687853397833,-0.19373759181718975,0.0607986625971253,0.14500227807588306,6
-2.347554012171324,3.267366875298555,-0.20484324264420817,2.255739595077637,0.4045256396866237,0.4454617512105403,0.16196457193230968,0.4501462394777149,1.1031599278375928,1.0553789078935418,4
-0.9074530786628207,-0.22649846852910904,-0.31923477097754405,-1.3302304769572653,-0.24031138484419576,-0.824184452893556,0.4312545823239876,0.194453524598177,-0.5609413845332976,-0.6606144872379016,4
2.3680886794023652,-2.389351748500433,0.782383542445948,-0.002537543471302639,-1.3161695582052018,-0.9265402779794182,-0.27348687823327045,0.10940862086433334,-0.07184370975063104,0.5674310448490193,0
1.268093785607156,1.1731279086279702,-1.3114223567021053,-1.0413565733551327,0.08572333962526829,1.5409778589455676,0.6192113117905337,-0.3214494682025384,-0.09943814197548839,0.09286363249628893,6
1.4432890766239952,1.2968521168175604,-2.3522629677623117,-0.5660077812796789,0.17795270640583524,1.0392211490571357,0.6451867745878196,-0.5327740660680578,0.07963364446188992,0.05201358471173384,6
1.0439412945311963,-1.3203740041515624,-1.4082924867263815,0.8172580471644935,-0.40680439897838927,-0.07744311894043121,-1.3231327633723056,0.12036121815403789,-0.3876976832053627,0.47593810026545585,1
-4.830783648512392,0.8902204437258195,-0.4934693167112807,-0.8703351127270071,-0.4808979727464735,-1.0260617927194509,-0.608071951491926,0.07807931575410387,0.0017494078206463648,0.15777379659666563,3
1.1976084522059698,2.3494734475458947,0.7604478106409228,0.056566964689629295,-0.41828756505718845,-0.2751758418376651,0.09967042263083714,-0.4905572381840112,-0.3030653372962262,0.15078170863746476,5
-4.810873209474807,1.1700045764720493,-2.2840128747946853,0.27806579371078244,0.3558292466205737,-1.391712617848695,-0.8848380963172652,-0.4128336901646612,-0.007290393523419869,-0.9768798165398187,1
-1.673557586232239,0.8090384368520743,0.4329610954119648,0.7587338072550924,-1.5041938913400084,1.6627177549082874,-0.7306886784009189,0.5774634006883533,-0.30554258647821175,-0.7286228580882785,5
1.1204487680798292,-0.1090245537175738,-1.5304588478355938,1.0502151615605568,-0.3577708518437731,0.5642465926516631,1.1707437037899284,1.2331961429569842,-0.3020193028498581,-0.4138574418764555,4
-5.330693792277337,-0.17961068767667687,0.11159674558328236,-0.8221868978654949,0.3425701243856667,-0.22861172326964896,-0.2978331734802434,-0.19312783199964945,-0.6968118680307243,-0.5364775166078108,4
1.059407842714862,-0.13476148426823786,-0.683016019518597,0.4199092806154112,-0.29927380628565725,0.31316977407628643,0.3539077336351656,0.7744512339390122,-0.6080446879514019,-0.4992288816257587,4
-3.5245344291987304,2.2373241203293177,0.7905431918744248,1.4540442336499666,0.7810721943294958,0.29199695871271625,-0.0959129645851804,-0.21375161572357956,0.16787350080159547,0.19476837662941526,4
0.7140686350949389,-0.0727503081084046,2.7257841331590313,2.2227696556483796,-0.3785047624518486,1.5075797789650365,-0.12484642762251152,-0.17064328713653543,0.18065407855870985,0.36607732326697295,1
0.6477578616140808,-0.8637248271653627,1.8323050628035036,-1.5554553853806279,-0.5257580589566334,1.171280229321676,0.39080760614724663,0.2141961481170288,0.2702504239788932,0.19246747698021494,6
2.583650115064339,-2.3782360932351008,-0.0675868887811113,0.9701022315154076,-0.4655653521854294,0.6498386703723342,0.2565879549962643,-0.46100419559657935,0.32813612507178513,0.4623429803217571,0
1.2846271786140797,1.145306903632067,-1.5871227608437064,-0.8361380181300826,0.8650589572331502,0.8275452340120801,0.49030741701779024,-0.255819365476851,0.17152190730716432,0.03850096415393528,6
1.2831872367354058,1.0389927249100541,-1.660588445651635,-0.6616395271998348,0.8593255193181267,0.9995605498840492,0.5771410763056514,-0.23545420988412968,0.11648300175717496,0.08103140715992735,6
2.54445859989309,-1.3047963797584838,0.8196571458032922,-0.21564369482786927,1.8394525719115606,-0.5949531270114973,-0.8830072485214712,-0.35962850776158506,0.4114514417325559,-1.0752394612969465,0
0.7504738937371334,-1.6100313980290353,0.6379147074442804,-0.3975293872701797,-0.8661984594620241,0.8233752077838152,0.047011638254861876,-0.3475353153571832,-1.2609133453916346,-0.3632147828501247,4
-5.308242451385164,-0.3390197963858186,0.0790091338421317,-0.6207324872474074,0.3263368100418693,-0.4620255767066934,-0.6687653779526489,-0.3081759132682025,-0.20027159281563334,0.29846813073789746,2
1.1373497324729733,0.23395870622586223,-0.6420134933639969,-0.3323002761147096,-1.0958003269787118,0.09597618106161088,-0.5585918281214275,-0.2511393711578349,-0.7110391713826314,0.2786717853698482,4
-5.108623887398921,0.3587411585396474,-0.8163980021708193,-1.2373232598974766,-0.5324638982409241,-1.011064809900117,0.9880454126807471,0.6529465291916476,0.0382836251960228,-0.6694849449463904,4
0.6016811337030343,-2.8906950960100044,1.2096750800745955,0.5174027739777526,-0.454131683333575,0.6706134166658939,-0.7177653228137523,-0.8678967794384522,0.24075249751407934,0.2841095503887943,0
-4.2264014352618755,0.22516200219135474,-0.6972349833818698,-1.263851625394589,-0.46661061950563143,-0.9698084422259672,0.9442881706366978,0.6223548047261803,-0.04572786264141371,-0.6645458986630293,4
0.7263514151713825,-0.632100637779713,1.5597602530415708,-1.4897334710986392,-0.6955026831497089,0.9891598756680273,0.2899573200392024,0.12474786917442393,0.31755840452557305,0.11587066839039961,6
0.9174958073653247,0.5568594354336894,0.27130362986741574,-1.5119257924824134,1.6871830558405494,0.3960329080545195,-0.3254263960528875,-0.23860338232196665,0.047951363757980925,-0.0014234035937064626,6
0.8236899561984508,0.029258162510613528,0.9008055012848288,-1.5658087753735226,0.5808342853448496,0.7505008471843735,-0.05751479384967967,-0.11012007710704319,0.1033813780775672,0.057659435477414145,6
1.149903918709423,-0.012151364424673794,-1.3529573735612288,-0.13070782041630125,0.730200743472321,-0.2490164888899894,-0.4300469184044651,-0.7341626570588047,-0.18680053608439007,0.0584478804772402,3
0.8656056511932857,0.28430418726614826,0.4674311288582893,-1.5207552879198756,1.5944191421522926,0.47330528876292344,-0.014015431036660808,-0.022870304961007837,0.1542543401294525,0.039962845044830275,6
1.2715897131844678,1.05122621858433,-1.5754609007334255,-0.787429910135443,0.8705186980802385,0.9258382339757227,0.562292841313209,-0.23756482187990935,0.13562069291194057,0.0649337569228261,6
0.7522379868713105,-1.6506490471565476,0.2803860406317975,0.33349742640925123,0.4500701095452301,-0.2772987232651516,-0.661195768890381,-0.18014447000314915,-0.7172310191529603,0.605196215468977,1
1.1495046213372524,1.075210817612651,0.6947874297027778,1.7509225869274374,-1.563032905394005,0.2799664849813117,-0.12400431966460468,-0.9933008000952207,-0.1895457134033216,-0.6553787006323974,2
0.9015481105666671,-1.6351769233434532,0.705525092037447,2.8351798538232265,-1.127661146058811,1.0125204967040762,1.2498284347398028,-1.065888298802541,0.21789332451411214,-0.412743768847784,1
0.9283685832542374,-0.03331834395443556,-0.8231373484772779,-0.36525382372252646,0.5979936047624875,-0.47014418577741,0.5645167980864675,0.724025238422605,-0.45676369105824577,-0.5920383842402515,4
1.1427603965706317,-0.5118175792361852,-0.5042873885809962,0.818594214263302,-1.9784930845427822,0.5274920559592886,-0.9164358094689135,-0.7437491557050613,0.45849049292380695,-0.13279591781119232,1
0.860560703026569,0.16227698222030473,0.5279556724109971,-1.4317944114766845,1.297253168518588,0.5140578065736274,-0.0491279410947168,-0.07134044980471732,0.15116119248466964,0.04869282493368099,6
0.6665820943291816,-0.8883231203856049,2.0099151496399053,0.3120527907755225,0.6966638280478397,-1.5326140199377405,0.8924405415903878,0.00729112802718733,-0.7175249336099312,0.7981450151176666,1
-5.648182519141508,-1.652934039186217,1.530156662022884,-0.6433864030204248,-0.3330095102508144,0.46208607826585313,-0.2560232295590289,-0.14242759098962,-0.5809770840443307,0.6179905026212802,3
-3.4950686689529262,0.00890562869917999,0.08913042823798512,-1.2349182401925687,-0.6548616403522521,0.13971833701712133,0.6757679833335958,0.23343049512427994,0.0434096535152384,-0.8161048655138166,5
1.0159910006472181,3.686631256073291,3.025793846261397,1.7007097132136684,0.1670854787531545,0.00028575854863421846,-1.7731538553684536,1.6541779711557902,1.029795281436491,0.9911397492270764,3
1.1953804099700465,-0.20773271588700382,-1.4977489769447698,-0.2064793545736192,0.7691129986489527,-1.3623026243809053,0.47322823652639456,0.4946820531634768,1.0678519012954855,0.9553251304533574,2
0.7754190469914124,-1.6047882762874912,0.5782064125818794,-0.4286262404455121,-0.8758024632396147,1.0890988662579828,0.25490421289093035,-0.639217283874083,-0.5411304709698148,-0.6357480804978628,4
0.7274231580232211,-0.613481780667045,1.564967787185699,-1.4996655185522136,-0.6930466752177078,0.9754935273566301,0.23223623912982105,0.08590388948089889,0.296360806522006,0.11015951776287697,6
-0.9587992159962585,1.3481375113778897,-0.9218683344878646,-0.995575008324918,-1.4416973288191128,0.2432157010083269,-0.6605004974474668,-0.7595798869503343,0.061942115139371534,-0.1403497702304412,5
1.229906777800672,1.196506098012327,-1.2057835242848627,-0.9215746984641122,0.9325002011663752,0.8691725411240419,0.3907734232311669,-0.0927651210780086,0.22075850937484987,0.027913548633002605,6
0.8176907959056032,0.69549064862658,-0.9407785012658791,0.005304436689933301,-1.028557813949308,-0.9591995766290097,0.3246314346418925,1.431791557079378,0.0604695544213234,0.4195496323376832,3
0.8276368926193861,0.9709554644966698,2.2915962835427193,1.2473062136820778,0.8306812563486644,0.4808446657449086,-0.3304607677528929,-0.23246428898305688,0.42042444186301564,0.13561592429764052,2
1.058032928055988,-1.2484350814227625,-1.1808635793507711,1.116572938540053,-0.48085496731206445,-0.5240126172198913,0.20202820472545702,0.2176317030693541,-0.5267342406779771,-0.4654132420531549,1
0.4004795653277806,1.657848701619514,-1.4664662878441244,-0.7560607469763092,0.11959452945979397,-0.018310786099022147,-0.6711843426228629,-0.5538681857192618,0.08284889010004903,-0.15583057844915277,5
1.0184643532435111,0.744216144627131,-0.2703889119887337,-1.2074501394126902,1.6900010456357912,0.3864883368202252,-0.18380809094224848,-0.1912442843622595,0.1457689432301299,-0.00022551871193943196,6
3.134776209281407,-0.7718242197697085,2.2884994239645966,0.14148840885519653,0.22082239977814327,-0.16119590828603247,-1.4901873397095455,0.6047843210372132,0.7017501448574048,-1.0691838046048108,0
1.1344035243236459,0.8050620302100492,-0.5094791395230442,-0.5686741847111929,-0.539477437489943,-0.0360128189136657,-0.17808358638871458,0.7089369354522136,-0.7382611778103254,0.4130737460599429,5
1.3340489219371532,1.554584422323419,-1.6685872934162702,0.09609498336821709,0.6675892003533717,0.4323736850597133,-0.4820472936971173,0.09139972485587367,-0.3063113437437952,0.11975173094901226,5
0.9136347870064964,-1.423487236021102,-0.07107201400965368,-0.7185241056803251,0.02132762852431902,-1.1023339955903002,-0.02374429152101043,-0.7274868195836681,0.7993782949331436,-1.1374545818195099,1
1.1015973084827309,1.7521098899622283,0.973518995518221,-0.655815612095265,-0.10536714354378421,-1.1036077118554048,1.090066178696993,-0.011685850426825004,0.27957745324945327,0.12844684844836707,5
0.8180505107126331,2.62812646124776,1.6809920381828412,0.24040300684811322,-0.1874554464984405,0.12762821033638727,-0.25727044614523564,-0.012309229908932504,-0.03203160426373053,0.09493598612026127,5
1.2340107961678297,0.2622800823769086,-1.2157919424543644,-0.0763797694152375,-0.7272465139840909,-0.8405846975798055,-0.2881698233678017,-0.0054278636431928096,0.04652170568538949,0.1463262823453575,2
4.181692563457814,-0.353744659431971,-0.10998865248342637,1.917597394112028,0.16331328708407294,-1.0275336142121925,0.9077102849366576,-0.6197598091446785,-0.47629368621459367,-0.5130029483190275,0
3.7865033085462527,1.450290810878153,1.7050923798415303,0.19398520648674555,0.04137748631981445,-0.303753141149699,0.07455790033779613,-0.0075731113223380525,-1.1417545059787741,-0.5449344585185356,5
0.8840279565715798,-0.7115458186229139,0.2387459902644946,-0.6566799199834923,-0.031738590405007955,-0.9027719118130961,0.5266867644704557,0.9432794230126571,0.2838497213528055,0.2947585920503387,2
4.314751389277277,-0.38499005163670064,-1.4661454425701488,1.0206411763058938,0.9179265750740594,-0.3435948243451026,-1.1639700733644092,-0.8037178799210913,0.9378982270481719,-0.29003654288779285,1
-3.1237842943933187,0.8959636074252343,-2.115737279282974,-0.5846246738461278,-0.9804807371006241,-0.9159531037051936,0.7722947237025709,0.2478533432609784,-0.0931094847143803,-0.7190599923206165,4
0.5275584808876879,-2.1763764003391852,1.3591806191713933,-0.8441642980736355,0.9872966404403104,0.26500380261216416,-0.320984603540983,-0.6585926207226893,-0.43747505832460787,0.5113691680973167,2
0.8726924278910643,0.07364225672700397,0.9150332613345525,-1.5175341420867066,-0.31582520893987864,0.7881321299010189,-0.1855675878438906,-0.2536541614886272,0.15028352183930016,0.0238442937867141,6
-4.940252860525502,-1.1919640362291046,0.8251895237836038,0.04023828115997741,0.7407672413101826,0.4331470472532881,-0.16035060766139486,0.35818116803529343,-0.6857536503549093,-0.3893658788305097,3
0.9213808827386158,0.5612757967202838,0.27154864020186487,-1.5147597313040884,1.6248226041763343,0.3870679769318104,-0.31693416350418124,-0.23332352904867393,0.06701864733651641,-0.005100152112057887,6
1.2835617111906723,0.9939719502491885,-1.7384301081934346,-0.8411364076473336,0.9788854140244295,0.8625738139433641,0.5082426142474189,-0.44894386973706535,0.008089877196257866,0.06711470516257556,6
1.3108707955662293,1.1634934225865088,-1.6415356561113297,-0.5006378184779641,0.44100915352132075,1.2756063652841443,0.6067501357296127,-0.12882656449128482,0.14518563432205234,0.09326565480826998,6
-5.419507977356419,-2.0912824510109074,0.33347272373458214,0.4804841101456353,-0.8747026354292119,0.5352320918584181,-0.37279654621721947,-1.1095436719029976,0.5163016881027356,-0.9962187608284994,1
1.1246324862295045,-0.828169626001658,-1.804163601645968,-1.133927024392927,-0.6161096887376393,0.06278542149532207,-0.9579778592568661,0.5606528451581339,0.6676614998008148,-0.15563345963270064,2
-4.906297865843148,0.7581492817377261,-1.6267458715852372,1.0599211322022317,-0.8785615882492562,-0.20868075389970708,-0.13638053265147343,0.5402407112739367,0.21508058486628423,0.34863408798253454,1
1.217110491812344,0.9970515403772039,-0.8618210870131933,-0.22405608314476533,-0.5108655447175043,0.15504098362373564,-0.09367580851613277,0.6047712320289153,-0.20944461926755054,0.24250246238804446,5
0.8093992177691296,-1.0470249132438387,-0.08907498190522378,0.08002883566128194,0.8221553906963464,-0.6117415386677574,-0.1815674023314343,0.5852620481194855,-1.3759413412854342,0.9941714625622291,2
0.17612901190331132,-0.15398485421626618,-1.8452894153046404,0.5125125464660634,0.5806204317312206,-0.22469792290788682,0.5116050086008351,0.21863829082709063,0.4348425123949431,1.3360633345238684,2
0.5791363910324661,-3.46951650063045,0.32119235220231235,-0.9127273260043316,-0.5929508731736854,1.32107059127707,0.1813420010038035,1.1366458136063058,1.1496553235547342,0.06066149706006524,2
0.8650637968127014,-0.42309350914538124,1.1174089621713996,0.9029055109542578,0.5785369230462093,-0.15448657815447508,0.4315194348153306,-1.4876862536538247,-0.13600182184386878,0.3031409444309894,1
1.3179967980754728,1.322539996176702,-1.5268176806819909,0.29603721612676137,0.5409667135005586,0.23137939964907783,-0.30197032626805875,0.19511498063738297,0.4338296490201241,-0.04470789496419275,4
1.1467592572592955,0.8162375574807564,-0.6285374566610986,-1.1267700428913034,0.06266283636745112,-0.7922128357499703,-0.39580436689906207,0.08311161448687077,-0.1609897177691031,0.08244616865776033,4
-1.2895667896008969,0.7036493679578181,-1.6377261802739216,-0.6691269352245837,-0.8172869911182234,-0.5527648848470748,0.004652678267272559,-0.2640697747401335,-0.3414746794160366,0.21579988901460112,4
3.7625791921582956,-0.09525129774612018,-0.884265388221922,0.1052220170093866,-1.3224929790340474,-0.32632404374661184,-0.6220434523200528,-0.2590250980430562,-0.4461165748244782,0.21550085075853487,2
1.3241052141631287,1.9151714944545235,-0.4982074694390166,-0.284581146788063,-1.7082534900873505,0.5961982184415482,-0.29457390243204673,0.7625763436422855,0.7210519413784371,-0.0662818253160603,5
1.2391783493431816,0.834393531318555,-1.2199658101503876,-0.7132487260662328,-0.01717641288993818,1.237912025402543,0.5600925592691705,-0.24150295218357543,0.11592086787004563,0.09330334876026802,6
1.1530419272175467,1.562821975684983,1.157715016311127,1.9492170926748182,-1.869183480319889,0.3928179649708896,-0.4862466937626354,-0.641632282192372,0.11060857758128106,-0.7174591528369101,2
0.018219512824338313,-0.5064837238732784,-1.2555601758353967,1.3580299203419735,-0.46817568004251,0.4699492869233104,0.6288578780298909,0.8704270289348289,-0.4866031711640615,-0.38275228023333,3
1.3609500001789554,0.5072380901721553,-2.3231275780051863,1.046141541792057,0.6032830970203181,0.012283620607260959,-0.2020983715085628,-0.2571179963249257,0.23426308342371716,0.07443359938720934,2
-1.4286520630277142,-2.3792208532690085,0.7135658262841107,-0.7029395849359383,0.3914665198901527,-0.4170485082103328,0.5268034877948057,-0.1294259135545055,-0.18897021438078188,0.6848036248574341,2
0.6838461430430476,-1.7057164710172983,1.2305419847793915,-0.7245715555239507,-1.0761119173873002,-0.5815233510975282,-0.04146183545866505,0.3814315146159163,-0.4962301021284874,-0.6181968765520891,1
-3.5754716353557607,-1.5360737733120104,0.04150496285674077,0.5102877464819,1.7361261439191342,-0.23690147682525076,-0.7595468218592417,-0.66997156557398,0.4594385746649472,-0.8333891898876236,0
-4.842288871184337,0.5897336502325167,0.3225768472360625,-0.956555760692841,-1.3394156989293282,0.22589139131589286,-0.1468392213946944,0.15318049321125016,-0.12607952859512528,-0.8220386250800251,5
0.9332618825460512,-1.0077306416288394,0.14686876111874347,-0.7349197217204921,-1.5328375759203763,0.24689476167192037,0.4336877366018551,0.039488511509092494,-0.48597357163518384,0.49789170335297334,4
-0.8820980806768551,0.14946633821762012,-0.009529705279251566,-1.1487688308804107,-1.436037213765814,-1.0861120332042946,-0.007336828724694322,0.40246836630566196,0.1988114974120685,0.1634891424072623,3
-4.5174068214539576,1.3502044632641117,1.9697111182891116,1.460101822725117,0.7089126743215003,0.929240133835711,0.10103804885940693,0.03751433081805637,0.0012828654922083516,0.4678196086021812,4
0.861168825341556,0.14207971696439858,0.5774193996832769,-1.4333136054057538,1.162793072927287,0.41530270516838197,-0.014873136226879136,-0.003886400742156626,0.26405835083706997,0.03338248370881336,6
0.7772327512182157,-0.20821377167681582,1.0525821545871181,-1.4785334204479799,0.6194086651465102,0.7712209293313195,0.027272637143485157,-0.01990470223495111,0.1348274059315515,0.08975550513718639,6
-3.3483756778656475,-0.36876438507184706,0.08752094513299002,-1.3068583782407515,-0.7977933939974392,0.2966648231420732,0.727501041620105,-0.05947551590117395,-0.22353976175406443,-0.762476290077279,5
2.236610746988377,0.12422842287995861,-1.194260767140318,-0.021968656186298063,-0.03528237696665239,-0.3356250163442236,-0.5000838116842236,-0.5483075747976345,0.11509581055680362,-0.01711752472001249,2
1.5934299542791672,0.804399911292333,2.4453274838336396,0.08862385411773754,-0.511405081364941,-0.49616314075771834,-0.17452474034043985,-0.5888143107979764,-0.32698090463766816,-0.8317337466737507,3
4.173242967879439,-0.5513598750331883,-0.058960692493120526,1.88590264718905,-0.2401090168549249,-1.2351776486200776,1.4083039007659854,-0.12971863254363974,-0.36526742964159187,-0.40422737704042727,0
-4.7179779704442275,0.08652929115449104,-0.978455689403009,0.23426257817018248,-0.9897627836041567,0.44376652810840134,-0.47295407517840904,-0.9029269869054786,0.23502997887896138,0.14502893695240676,2
-2.410327235539048,0.9478856436979629,0.26155812634202424,-0.7569059606099549,-0.19147248019880106,-0.7417142044700366,-1.1485772482183187,0.27247430242837234,-0.1206261344694739,0.12663000358635151,3
4.242480989040361,-0.318486997539583,-0.25981480374383903,1.8148584412149877,-0.5305646474208829,-0.952769929970105,0.5013439172701591,-1.2976184454151984,-0.6377831128588918,-0.6053862059918855,0
1.2676315259914552,1.539358240495324,-0.9510307616493638,-2.219086785293676,-0.016058792952611062,0.45027812758710906,0.4525206834660166,-0.4361334012200633,0.2803669938021036,-0.13687794234114775,6
0.12856813714383197,0.3795800853474819,2.7997362832846067,0.4901620589820286,2.185833272431727,-0.5144235729657121,0.5538980268748597,0.5974310965250578,0.31056558109826415,0.4166674284048071,2
4.208199504521711,-0.5491596159163329,-0.3504330640456117,1.847867799573538,-0.11143009785198563,-1.3060893676102105,1.1373373388843122,-0.5795235630033841,-0.6454145836399325,-0.41189902913187454,0
-5.301550014182366,-1.2444775628624973,-0.9018962542129614,1.3206601901387736,0.3148839340234567,0.5180497735952534,0.09749455038204191,-0.12862370559395597,-1.3154458077383653,-0.013202155566545415,1
1.0836208864726262,0.019834172825631935,-0.33136446463618285,-0.6774561495749287,-1.3146186996335243,1.8790407596540775,0.757187674781652,-0.21005501266680504,-0.020003535795773075,0.21001168851637697,6
0.8202921829341572,0.8939540760193487,1.6671958128213937,2.482312870390712,2.437545527216269,0.9308793101093362,0.1823445462528226,0.46730864895405544,0.30034489049869295,0.4305851598194202,2
-5.078706648711816,-1.0101570935348838,-1.956750089554151,-0.6976155375037048,-0.6023121009111769,-0.4723279745984683,-0.6154693592704495,1.3203317489956694,1.763737778907688,1.8538435413341101,1
-5.324183957937201,-2.1124832435266554,1.0969517740557855,-0.019184581399904088,-0.26537963428119304,-0.2588245634153412,-0.7851405656274412,-0.6219950198121422,0.044941379072719556,-0.6374632316199143,0
-0.3648359543584926,-0.32736851243686904,-0.06947669718693372,-0.7649894617026038,0.9517245821944756,-0.3497767082459736,0.3202314937784926,0.32014638196502676,-0.1673862085107385,-0.6565771621880407,4
-1.4977973620813514,1.7694638772139726,3.1075135964013505,0.37478699024933837,0.4988874726427681,0.23148348687945264,-0.35244380450381774,0.17437015889805169,0.1894865149201448,-0.7983996195893726,4
1.719563883705329,-1.660003107897591,0.5968405506978618,0.046837633717134675,-0.30979615557896134,-0.38034262417946874,-0.9123553012126054,-0.7382913456639149,1.0685055375582744,-0.09200573497886061,0
-5.198957338882321,-0.05839478502500539,-1.254498226538159,0.2763551172568547,1.4948058973689817,-0.5282598377666159,-0.3894156753390474,-0.1354344464386259,-0.9426181060939132,0.7780960063519073,2
1.322677669408905,1.8207084399519715,-1.3203365854163922,-0.47410747532742703,0.6368154964445903,-0.12881780626791994,-0.3065967085451672,0.40547683353219344,0.30660623034457934,-0.052889601256752905,5
1.1139199737231786,-0.0038284650268234355,-0.20690876595637664,-1.077510414845848,-0.7756256498226531,-1.869748427960926,-0.0392247452618642,0.9254310425516403,1.14703638645702,0.8497292780887258,3
-0.27416309642266723,-0.7392203315535321,-0.7391386890212621,-0.278999593935533,-0.3946351250969802,-0.37001445960375867,0.17268340155927298,0.008123682534393661,-0.29851835359784973,0.30396875033164983,3
0.6937583536111204,-1.6595728023830536,0.9423446424234417,-1.0613027473286398,-0.47717256789476536,0.4080999529713967,0.32733943480897565,-0.3515113468816826,-0.6595555714434116,-0.5748292756727642,4
1.1541191137558173,0.8105046138919093,-0.8578178792189175,-1.2983026009053822,0.39986887007289507,-1.2860194649677767,-0.2629516605057066,0.1019058853714837,-0.4867875548776366,-0.847781593632156,4
1.0956636949635574,1.7869647923159961,1.013662964564723,-0.653220122748035,-0.05489360282982131,-1.0526040869895765,1.031473064934426,-0.023661790804165292,0.24602973617061474,0.1276818366137602,5
-0.36143617036935305,-1.923448728849892,0.6560947529231169,-0.4732219500215069,0.8661092935931924,0.1877122923591934,0.2980152477190122,-0.28825666844826947,0.12204662635296915,0.48111635485167187,2
-4.919973875884217,0.5733683556167622,0.33173332622886575,-0.9604391832361814,-1.2217844348534386,0.18055802753474848,0.11202405928516035,0.39639609251828817,0.06121985559260823,-0.8198322493693446,5
0.8799131837605969,1.928795688507713,0.28910197191001885,0.48612412112398995,-0.4335898601775461,-0.6551944032496941,1.1785310281352444,0.2160772437115579,0.47917448975650867,0.1856373404992851,4
-5.198957338882321,-0.05839478502500539,-1.254498226538159,0.2763551172568547,1.4948058973689817,-0.5282598377666159,-0.3894156753390474,-0.1354344464386259,-0.9426181060939132,0.7780960063519073,2
-4.381232745464584,0.7623934714494341,-1.2362107088096,1.0717794693595672,-0.5511104866093363,0.27678568456127906,-0.7722880362681613,0.10260595168089293,-0.18388399872858363,0.3193919035039643,2
3.950220148625307,-2.304556424705775,0.24988468458534663,1.252674369790765,-1.6548154505282573,-0.42901275171629694,-0.3366734861465477,0.5785372297184518,-0.3762876328461222,0.6751219850476271,0
0.6914749113032976,0.0470143353038613,2.8593382378692214,0.2031486618767232,-0.4690571965591974,-0.33302856932962654,-0.06439562437801472,-0.503520023608338,-0.40206291530798044,0.4431953266340464,2
1.2623588113477635,1.8090686872772608,-0.09435907713630909,-0.8237246377558611,-1.7984463797696164,0.39340808696275187,-0.14900644309509603,0.7519633760797433,0.9883325873613149,-0.16949409501961804,5
3.914757761353232,-2.339306910589315,0.5140858609122212,0.9377643322153817,-1.4380269110133448,-0.2949391053713253,-0.47394034864797985,0.2518061357237844,-0.2921270125866009,0.6680574161445048,0
0.7860279194866531,-0.9328765583204343,0.7822473587636369,-1.3054620122302183,-1.5049229722507944,-0.2355525287591238,-1.3302261602952377,2.4307262197567105,1.192398108888003,0.08475282885370378,2
2.383265335762756,-1.984650832449872,-0.16421301986301784,1.1091640776653722,-0.2646258474187344,0.3513816725341512,0.08033709735506023,-0.10276318432680631,0.24311377886663044,0.5314141300253064,0
0.979709681870005,0.592774384953931,0.5275858909089146,0.39506881334917743,-0.03800926057437544,-0.06459453025122919,-1.5512893565895043,0.6474391206631046,0.024712480324108554,0.2715937847972445,3
1.0540760514607836,0.2599302174354208,1.0569673656796472,0.4197065462486452,-1.7880124059442786,-0.5280595679731462,0.5455533812515618,-0.8234360818670735,0.4483341495417128,1.2660876416929185,4
1.6019023148912086,1.8133794611329797,-2.526212873152205,-0.7120326883578325,-0.274566554530113,-1.410362813349519,-0.4367610186473675,-0.20582828668680686,0.98276671764178,-0.4705867803890846,4
1.0028249893367467,-0.32566045480309525,-0.5955490229038254,-0.2673986085273199,1.0598849201092808,-0.8280637462176305,0.6444409417249394,0.7979514841145425,0.7071488682619775,0.1319621038158763,2
1.1526270258492608,0.39334151733434464,-0.8050625571321997,-0.6699098963130687,-0.4834753710136672,1.5739661153521138,0.6807816891994877,-0.21919871596422857,0.014871737272109442,0.16567111775473486,6
1.3020436731899325,1.4306704904686334,-1.2584940281856791,-1.687600349612462,-0.09567128068868322,0.8867349760270775,0.5470956245844153,-0.4339055609830158,0.13625630255150956,-0.047669253756869534,6
0.7558627731893361,-2.246907903681893,-0.039125036511857614,0.0818574362822142,0.3602714363267997,-0.38540863366925426,1.1415359279449122,0.5081267129871696,-0.12499946574285525,-0.23480012544451861,1
0.8628154003720258,0.30190049767424154,0.5718333050460422,-1.5416119390741543,1.330747048212818,0.5853538830500871,-0.20092966203029627,-0.17368958268100632,0.036238147163882406,0.035516476434613475,6
1.3303868706910305,1.146459435679215,-1.739026990336909,-1.2061347113865486,0.3868140809933811,0.6110897187062105,0.47777763933423867,-0.6009306482368963,0.11514023335154899,-0.013980986480214397,6
0.9792205442179179,-0.8900028881037448,-0.9458400874419817,1.3796567834507667,1.6601042437093574,0.14994842627638394,-0.8378219582084069,-0.31705911259216113,0.0677306155850137,0.2779434000971295,1
0.8489047676607562,-1.298471312604632,1.1109952916224708,0.9104163126740257,-1.4321524163291417,-1.1071170213657988,1.256545458294518,-0.5579388259272252,-1.2285597718336119,-0.05277940410194332,1
0.8491185702660711,-1.0302835048715995,0.4532076598299938,-1.3173121157031178,-0.7754518997764075,-0.3456393335797582,0.36581654575546374,0.11795754366237754,-0.5366893925452645,0.48477170397279223,4
1.2957150179782313,-0.9554674571140814,-2.544760584892768,2.012187942315289,0.6091187403211759,-0.4857815056205321,0.2494360092526392,-0.33247365425958497,1.0131329951445198,0.315918214580693,0
1.0161063579605965,0.06358975073152628,-0.2570826351647151,-0.09614869239589408,-0.0901689841856673,0.08174497808721615,-0.8158205082637787,-0.4660821748205435,-0.24847747443467538,0.33843610337284585,3
0.6196732982364881,0.7561299689973426,3.1341067209055202,0.6821603586442007,1.9652945771676014,-0.028333226806471545,-0.09506183018759962,0.24564298891775477,0.5667752064966529,0.1933024889013131,2
-4.38044583126518,3.24250734957301,-1.0351049211380348,2.408583081585871,0.6994114397470326,0.34571071760702665,0.3370906535110364,0.06876383589603696,0.4654408535110037,0.21689759666820874,4
-3.669417985957718,0.10337497970693243,-2.5189225136104705,1.4450274129438359,0.18704842115421752,0.24735667481005108,0.5717859863141806,0.1830471561416097,-0.34004270690549054,-0.39020970172570807,2
-0.9625471208120157,0.5560436293130634,0.5240470693618258,0.718576855995869,-1.4051429645389484,1.7278073692245035,-0.6543035669074467,0.5307043451681562,-0.3837285044356826,-0.710304124568716,5
1.0020300063028578,0.35785319557966216,1.3757717717662117,1.4821960401040442,-1.256192004081903,0.9077627555106282,0.7867506675349782,-0.5465029315813972,0.7629135528855291,1.232297367772472,3
1.0785665043754697,-0.1733955514191099,-0.3696096987157371,0.1004619776476916,-0.33083132095536083,-0.5661458802025097,-0.4875890551990062,-0.0372089101949612,1.0540237560598449,0.8754850928149334,1
0.6973814750380434,-0.6500389877935909,1.7007437059615163,-1.524022657266878,-0.6317827185970455,1.0937651691379024,0.016531288471692718,-0.07491433387282997,0.10591958215278385,0.12235387713551421,6
1.3028430462541507,0.9922440615749789,-1.215223895453217,0.27692883954932634,-0.6755772779843215,0.32704168247165843,0.27229609580325087,0.5758033601742436,0.8368161257885749,-0.029130021122576732,4
0.9492754497919527,-0.9354797247428269,-0.37266276159101897,-0.16818384568400058,0.15476555962772617,0.22848107615608737,-0.2388703654392642,-0.8623276759466487,-0.34664174494700983,-0.7802512183861652,2
-5.194842549465266,-0.8498337024991328,-1.5347470362534164,0.2687249314407989,1.449081861460059,-0.7156692147658333,0.5354407510421214,-0.12559630467575078,-0.3218698905453836,-0.2861781884149344,1
-5.148614743748985,-1.138117493744164,-1.0730937020988662,0.03674604187062824,-0.19219154610198472,-0.4068941574336207,0.864348762052059,-0.2229376321023797,1.5770546120575868,-0.21099424649029003,2
1.106238161836847,1.3358138328340736,1.7532043262270256,0.559200127502865,-0.013847412376628676,-0.8027358130925184,-0.2603593660946565,-0.22802581478521833,-0.5047485636663893,-0.7046851162230465,3
-4.287757194245662,0.13483141880949145,-0.7635734003381756,-0.6203501621403344,1.2729938029561954,-0.1424961899777376,0.47725323306906475,-0.019700278436345253,0.21737894327357843,-0.7764768688085733,4
-4.935727260906282,-0.30024356837406424,-0.054549138374396455,-1.4709484451689472,-0.772294345910372,0.081067991768635,1.1014826174231809,0.08489202730234069,0.1286169772464847,-0.8010974891100402,5
-2.4496883709999318,-0.46088110233431,-0.8258676123270126,0.2347642028423058,1.691333978622004,-0.4486427012444728,-0.4067582563887018,-0.03339940115139628,-1.0455085870283973,0.7885535642183594,2
1.1794578526306692,1.1126499531610552,-0.614859008004915,-0.46434380653121754,-0.32421694219401476,0.11954275235334655,-0.7198453988878845,0.17037565685812495,-0.5606272856560361,0.20495051411020454,5
1.3987678073221428,1.3774559164433828,-1.907086160112655,0.4364122171598517,0.342287472024157,-0.047668754459650575,0.3694315585211302,0.7051526514848164,0.990782998591274,-0.06393592589519698,4
0.9353291463310486,-1.613389863715431,-0.3483955797159337,0.36599271758700513,-1.3376273305527315,1.4204122055460064,0.9277924237136642,-0.33712916991472097,-0.3200228135314811,-0.5422268346251216,4
0.784741542808052,1.035121316031181,0.6210788444652087,-0.018485985619938305,-2.0467945823801266,-1.4792185548098464,0.5452777812774536,-0.8006692819204387,-0.03019611480674156,0.20747867305392015,2
-1.9405874500610745,1.2306130275111173,-0.5650039387847621,-1.6007068448249735,-1.95188635883466,0.005624888219850188,-0.6656809560197622,-0.9772508615632778,0.07389802668910272,-0.18639688383738268,5
0.7209774811580623,-1.6831760745526387,0.7831255769087622,-0.6622491087100484,-0.7037962402067166,0.6809756070594437,0.2218266779145398,-0.356783796985632,-0.9142274647625321,-0.4754395338173322,4
0.8567749783670146,0.1486923269504562,0.5307326837323659,-1.4244392537040007,1.397017745438364,0.3979292902336522,-0.002711493124900044,0.010226371831319803,0.24401131972051715,0.040086082651406174,6
0.8427840300664746,-0.20162802910802208,0.06010355743348861,-1.198464244160131,-0.2030257424502487,-0.9080641049416032,0.29155377223694623,0.5291628600532401,-0.3530632548502566,-0.7064517013213198,4
0.6795545423074635,-2.31801632147638,0.6325380173523265,0.8233546265230954,-0.4125091707203209,1.1860027671152047,0.7841742588928501,0.7086348527994373,-0.6737833488226583,-0.23843136208256294,3
-3.5850571766698045,0.14291287504667538,-2.6265609293790275,1.622180606626519,0.1494748497192576,0.3418351017354213,0.5578592764426623,0.20213395971593595,-0.34804825697821906,-0.3778986232333224,2
0.687097618826144,-1.666140568052887,1.093711114801878,-1.120443755375271,-0.713596116383581,0.4980460692290707,0.4044740895491069,-0.3536911377574592,-0.39372582886796037,-0.6576268092044948,4
0.7636004731108423,-2.525320951699172,-0.5721270063884474,-1.295612825185638,0.21436613889757103,-0.7688015884976334,-1.2147721232312838,0.6889206302743598,0.43112249167448313,0.2661575854112367,0
-5.382309461694878,-2.3028725039711495,-1.5719643918472432,1.6238469568497924,0.58297423467981,2.041969267150927,-0.9502094138709761,1.22412742182658,-0.777427823364786,-0.21972722619989155,1
1.4065174288856097,1.9871643212010959,-1.6569541939488797,-0.32796478220873815,0.2276532638579745,-0.21635551610258175,-0.8599131604870088,-0.07714992186777381,-0.1186642383661547,-0.02836746060993528,5
0.5159755548547857,0.00584470910009538,-0.10325138701865721,-0.21874181474391885,-0.11963208221375751,-0.12233894649462929,-0.7080050001470207,-0.06907922272812161,-0.2561637228345939,0.17490002080842632,3
-5.534686259261889,-2.0761865080356836,0.5631740146075073,-0.30998459137160483,0.6769123822599036,-0.3399472751387428,-0.06787069442789972,-0.7544289518541103,0.9032587653857016,0.18004195519836252,0
2.060314083701998,-1.6354117796347123,-0.7008993994763149,1.3819801573779644,0.4086117641497756,1.742181758287096,0.6652511830281985,0.056653492301270814,0.0428597644938602,0.41216776484476825,3
1.1703651931380585,1.6531208596616458,0.5237011730560056,-0.23327594814833064,-0.382875954027993,-0.9276088323774998,1.311507024022673,0.02337232603560642,0.22110860023403234,0.20959620896351644,5
0.8086344683291586,-1.4166353463607506,0.46685694340338635,-0.3888481361027136,-1.0634786475577023,0.6627188680729184,-0.046706276679754855,-0.4038898348828437,-1.1697519016973368,-0.41126096070302837,4
-3.7754988567259127,-0.25521019196656675,0.2597542138476484,-0.4312096093625697,-1.3003076222416436,0.9949609213381574,0.5722957472798941,0.30021399979945085,-0.16301523699142884,-0.6823979590115976,5
-1.4453143678360636,1.5677699421683835,-1.6103999029851745,-0.7094869320521879,-0.8017748876047285,-0.0843847906880052,-2.45930344029685,1.434376082726657,0.43371232327374587,-0.12031086769760385,3
0.8902166263609467,0.4052108208772389,0.4097181705508075,-1.5202437939652553,1.5156958447620972,0.4551728835347617,-0.18787677277287151,-0.1476105969028847,0.09859813030254472,0.017850537929514576,6
0.8265001933368139,-0.04147516704983123,0.8096055662284402,-1.4171244056127297,0.7512736373987103,0.6168605136439405,0.015430406433079358,-0.008155330684419093,0.21809015191082892,0.06211226568544814,6
-3.571072594929318,0.9549661104022193,1.1468963939758667,0.36365130841574145,0.3016345594312593,-0.1306240399114248,0.40366773405887746,-1.078842188984539,0.6061983087754079,1.1348475896605705,3
-5.551549989713516,-2.161163009473017,0.7281240604741922,-0.41496100965607896,-0.2216205949735562,-0.3587469819218059,0.24566363397702584,-0.4714548530394336,0.44946959940146725,0.47747821703501103,0
0.8577903607302207,-1.8186794437439322,0.18066111747373093,0.04049509639363824,-1.3920050465202771,-0.966265764159767,0.3518944407148584,0.4521417672021302,-0.03364539611436301,0.45495706897850197,0
0.8528295748237213,0.21346121459888545,0.5978681015520284,-1.535529902442618,1.3023771426991075,0.5568700396676114,-0.049792311375388365,-0.06541384965097186,0.12538955324007617,0.044448067658692914,6
-0.392207938447349,0.6272050663080232,-1.6493468902305992,-0.541521380225769,0.23763138512326,-0.5221127720431258,-0.1508131002919445,-0.28807816167443145,-0.9645942108677983,-0.6709089398275276,4
1.152129930653348,-0.5536629913027018,-0.4492427840956501,0.028643401000837954,-2.372817672446913,-0.9855808215506024,-0.6321302750410934,-0.23363633214772617,0.6249328637977705,0.08114533533592222,1
0.7839536172290571,-0.3946470974296402,0.09434586059387862,-1.297579076318961,-0.11701149735256475,-0.8096095884263609,0.6422061349480283,0.6654733429489439,-0.33293654143347773,-0.6627499998744728,4
1.1474598963427474,2.3457057987528747,1.0144508810574377,-0.2849869685649846,-0.018801615809385663,-0.352748627372964,0.437396518722583,-0.3112229412691359,0.20842720019021366,0.012486745622657336,5
-5.256036236563971,-0.2363546535345571,-0.30419111697615864,-0.062973083674564,0.320160188245464,0.4571667570278619,-0.36324804025031987,-0.21436066317321623,-0.14966144381632862,1.4542524806627435,4
-1.7480537862934993,1.1040546283909207,1.5977906406479638,1.100186071345978,0.20777465670748427,0.06694826751967398,0.5113691283933307,-0.09327181160889016,0.22160150886578744,-0.66070340533123,3
0.7295597918053133,-0.6220154272094126,1.557126315357909,-1.4979540421878286,-0.7199934542783576,0.9624187010736613,0.2825432597925145,0.12226210357758538,0.33293746116707057,0.11005838716514582,6
1.1462068245862516,1.1904417423031743,-1.380034105397051,-0.19595608227137373,-0.9429126179602014,0.31431108104100747,-0.1663956621117938,0.07300342095456869,-0.11549627168351151,0.11593761495995747,5
-5.088928000236846,0.1953887382945878,-1.5142404242269671,0.02744069074875588,1.3546495140293717,0.041448056641348874,1.0531163495440041,0.3956792230269827,0.31596452119175744,-0.6364994994163138,4
-3.106419939660699,-1.5561264695600512,-0.3285021962176369,1.0830894287161716,1.2265468066572922,0.15186373600256542,-0.703133630698903,-0.6815860412581964,0.40738768570994477,-0.7794861514885105,0
1.1868837955561038,1.4393909252233592,0.7367803181062044,0.9826235246469858,-1.6768936293922339,0.5434578653572375,1.2215091510871,-0.06769713993162388,0.5663126114657429,0.15608969330861333,4
1.0472089468147634,-0.7436838096831423,-0.8159797114728833,0.5301790499886353,-0.3244111025490207,-0.15151101759850627,0.09229279232280929,0.5258224093994114,-0.4754939408631964,0.4694038677134576,3
1.0120145064876556,0.8813594614827857,0.6907070700035804,-0.8789105096194938,-0.8487213422265644,-0.6886461837887015,-1.2672123399548232,0.38943710895002187,-0.052649324480618986,0.053032403667392536,3
-5.285860581518053,1.9135479366885924,1.8762661538899266,0.4404068939018233,0.4016416881051612,-0.5787424782519008,-0.1565773547240733,-0.04069068112377476,-0.2539942192581699,-0.5728317412166029,3
1.2477538943575142,0.9820534652779208,-1.3747446919295399,-0.6984554311365012,0.5508598950920303,1.1949561073048438,0.6028125542110562,-0.14587247646713952,0.1167262304823602,0.09587176847813289,6
3.656727332756696,-2.042885241681743,0.547063194391632,0.8445616629762471,-1.0595821625960462,0.34252707118072423,-0.49706759746205864,-0.35056566710299775,0.47971569784848267,-0.9767441528674272,0
0.16754661023311812,0.3818670664793862,3.5706971116892543,0.34435499542126935,0.8600264611414452,0.37225330445468097,-0.019277249417900155,0.28693872281451804,-0.4585790578216691,0.5403700306650724,4
3.593906247513598,-2.1864534681769205,1.386541222305636,0.053564572343365646,1.1932714093435943,0.6781131927902988,0.317222044629481,0.7359033520279622,-0.5886704447514377,-0.4356214952446767,3
3.761499264098949,-2.918246294749058,0.4994632627776725,0.20563365978743542,0.47351893098227005,-0.809359005840023,0.7891870834329658,0.8752637694838192,-0.018817501616514853,0.7487850480499826,1
-3.76152703347308,1.5217642832425584,-1.6054899888926937,0.6528104945394567,-1.082113551643471,0.27463734320536193,-0.21946017553068886,0.2622164608434334,0.7976210124766716,-0.004859883136807519,3
0.5673237925601504,2.6182010287967143,1.914791229306423,0.7744123844318094,-0.15334326230587855,0.17264054688979646,-0.35876068461824084,0.43988286487842354,-0.38131690587147116,-0.7311004405007262,5
1.026490621579271,-1.6482739623231297,-1.950625358224373,0.9178915383140855,-0.34184840840109,1.3282362667616516,0.09652087461448022,2.3172936487613685,-0.06625691107302334,-0.473970069584928,3
0.8820616784468857,0.4387032761312929,0.4166953741181171,-1.5234984602937856,1.6758688332944234,0.5257424132187725,-0.3215818575989592,-0.24792431538592297,-0.03253482357395088,0.024957302330183784,6
-4.726444201872584,1.032948545317082,2.29797068762333,0.19187220066666288,-0.9122070162575265,-0.058489336508645184,0.003704663611989345,-0.8614909118630035,0.4895103399168348,0.14481210347728324,2
0.8610158814752635,-1.6190666961743387,-0.5939303828269182,0.7691654701309352,1.8602860772916197,-0.1453542071820808,-0.4095686752482207,-0.7422678504521709,0.24271427068338225,0.37016546865947453,0
0.5351753430700382,-1.4413443333981535,0.501182759256906,-0.8118904972195995,-0.6091143327964046,-0.17003707432883663,0.834634759181985,0.6848083979559239,-0.5081278479600513,0.6676454848409366,4
0.9191259885425207,-0.5502517500798938,0.19161254979233822,-0.9695079514230509,-0.1803346674436662,-1.2791161342229014,0.48382684961570976,0.8621133617709791,0.4250888925211971,0.21405540453807903,2
0.9420051757188518,-0.8632271207788614,-0.18192989956353722,-0.8247921056786673,-0.22866136477231389,0.16803874036019595,0.43959282488308615,-0.253722306741637,-0.13686690469989582,0.3043680953186853,4
2.0699288639146447,-1.3468451724201382,-1.7002109980064197,1.5244930247564574,-0.3673541201318191,-0.21801988156220842,0.12696350158550362,-0.5438362874819906,0.8586427219519837,0.2960050554312201,0
-4.9681796650583605,0.2673235422401181,-1.6264881571410255,1.129828957048655,-0.3943933522381614,0.7993327945472215,-0.34647516625782837,-0.507692111814465,-0.023526296061009866,0.34569414578820445,2
4.374921913850847,0.09498147747612373,-1.557922195140317,0.5416785697495078,-0.3664078422836934,-0.38995263060394436,-0.33032977365832394,-0.02119493069074685,-0.18025637710441877,0.19259561057250646,2
-5.336480568278851,-1.3406337109337967,-0.5404864613107376,-0.4223932470247662,0.16407714631911993,-0.8038702049005337,0.6377446105053194,0.03195591981609458,-0.8593224354158506,-0.2202027496699352,2
-3.1738114880141306,-1.9917808659964154,-0.21728420896550404,0.7415551960047285,1.185995253966616,0.13777896580387972,0.26360070587111284,-0.3736072452264556,0.06431793888579262,-0.4314190199437597,0
1.0750440236125745,1.9329150133197048,1.2505893497946456,-0.5105206755464999,-0.18480714239721338,-1.0142054890443013,0.3176082832038884,-0.20133180073397958,-0.27960791342234037,0.2117086948537922,5
-5.32891969362976,-0.8577693202792883,0.41731568409288156,-0.6642999696119223,-1.1952843020554154,-0.14142417599758295,-0.7486006732621268,-1.191043965869045,0.4088276540367941,0.19874221229932532,1
1.4140202103191937,1.2243406410250097,-2.0159325135878765,-0.8189763580101654,-0.5860530019617273,1.4612490892764447,0.850943163393269,-0.49749765739821283,0.0031285226017936374,0.07991521346735908,6
-3.334170370562999,-1.6204123546172458,-0.13400244283035923,0.6997830766605843,0.630252889827942,0.6990016474812177,0.8709286722361312,0.653725616384549,-0.39075945950587965,-0.30682633054598946,3
-1.0263420646787305,-1.6953751836365254,-0.14919543549363712,-0.48592049464108045,0.44618969443080014,-0.0202099869475052,1.0576830532093089,-0.18120993744260416,0.6265902958406109,0.25435896735881763,2
1.1142503615476613,2.030836476790171,1.0913449019728614,-0.37046245044668913,-0.11720868716135743,-0.38018388587666363,0.9181805352682009,-0.14130720558692303,0.5298954414131636,-0.007889434687247399,5
1.4347611530568223,1.2761344079185815,2.940341664753718,0.42674842996656215,-0.5153713598998645,-0.4338434296531767,-0.050286592170803335,0.4036237003796592,0.8913400086830303,0.2703617703428362,2
1.1049651929438022,1.6054008965308806,0.7576577313471535,-0.16760071580083624,-0.19061513909780406,-0.9740693737068751,0.621259811641127,-0.1064569463372731,-0.7410707818854587,0.44652586292824026,5
0.9783670943072545,-0.29713781679915424,-0.2632383878374418,-1.336147306296368,-0.23402809906928493,-0.8319468064638347,-0.22605752845853522,-0.34557286441857804,-0.9744317047466315,-0.7002793899115638,4
0.5888140179843395,-2.0868512481589585,1.467285595595951,-0.8304807170912893,-0.358150965869413,0.268158494365605,0.3498567052581226,0.0976962036441612,-0.26641182239636274,-0.6179690976489014,3
-4.763718662151479,0.9368438703153449,-1.978046391056952,1.039287412226519,-1.2638556156116048,-0.48945431648674076,-0.462010934553711,0.18751553507669416,1.1339441866031477,-0.16165677372038173,2
0.9839484907600445,-0.15899687109745397,0.17750236527293128,-1.3419079352785073,-1.1410970909687628,1.431192365269408,0.40107714688540674,-0.5571128844438364,-0.1556162732819808,0.13957976563429986,6
1.0983035639670582,-1.141064744173336,-1.381612056796804,1.9247792965820985,-0.2201044166925704,0.8104353564352418,-0.40968615505085415,-0.5615158258320068,-0.22889715841350888,0.3160847686098828,1
-1.1733727278375925,0.5333281609938606,-0.15363656653959334,-0.9181566683212135,-0.515218256629544,-1.365325866257122,-0.5357043680946831,0.5772130561571738,-0.30793311311437366,0.30529585912627266,3
0.927389962784409,-0.3908470753234444,-0.5048423970750853,-0.4130109151858701,-0.05450630690851249,0.29060884909959217,-2.1775522970811045,1.5522939331266337,-0.3052472283430072,0.27655616853471476,1
1.552594000857663,-1.2063125565850963,-0.19546949842281536,0.11816849936449847,1.3109753991139774,-0.8977590430343119,0.06811025058904441,0.037144503313497834,1.0092814067657754,-1.061335612556839,0
0.9865012961541211,-0.34961997162988073,0.025026776119318583,-1.3924029542455847,-1.1376313773433524,1.404432342345417,0.7572882205873309,-0.49304730547260966,-0.09548422192467854,0.1687544319949984,6
0.8925452378923463,0.4283920598002481,0.38611492858941254,-1.5162885813099025,1.5821046262721437,0.4500508610669367,-0.21890854928021108,-0.16782554701642383,0.07773167760180266,0.016662728752450173,6
0.6249097561723473,0.7441893709453757,3.1348841221783976,0.30401525091550885,1.345390923171026,-0.11942888947657382,-0.15858944453622648,0.24030625573041714,-0.3120854843957206,0.45188064289181906,4
1.2307888982315274,0.2788133242833699,-1.7739986480488483,-0.3950091965677738,0.7458044108330516,-0.9077596735876623,-0.012174419265343794,-0.1449229979827158,-0.41165738044260936,0.24382388804920568,3
-3.567612531153159,0.5719393885374094,-0.9819317318635354,-0.6233082546835795,-0.6736398379002342,-0.9744695141259762,-0.3492565563568054,-0.018374038774471302,-0.24327029619273288,0.2607087779041677,3
0.8892673216000556,-0.060049066221966374,0.7787867391124313,-1.3391811113391479,-0.3668118983832237,0.6086407739202206,0.11385903711042122,-0.010082437357108343,0.42737807179016896,0.029552260485809445,6
0.9551142273453705,-0.1756971421086045,0.3063450796744316,-1.388339670653617,-0.9997897416545283,1.449857777891917,0.27041000363967294,-0.6124424495742715,-0.24059930737727564,0.14134495487902476,6
-5.057586909544884,0.6247104004328162,-0.8011257385091279,-0.8123119902789464,-0.5298144160233875,-1.0835907285237993,-1.0494404129815647,-0.5496050617605062,-0.1373530102347016,0.21384061401420068,3
0.7964026892504938,-2.5071653538969905,-0.46303261910733284,2.172894198914112,0.3479094646615375,0.48770029545390337,1.2019335273155298,1.5520190001226541,-0.5063953991530445,1.1013428269844938,0
1.1434277003855866,-1.523203353451601,-1.5956188935853237,2.096876079178423,-0.6270416965286171,0.055945498380164826,-0.024332041657037062,0.057064393094223065,0.2556657934811759,-0.6593403636567887,1
0.5079217587259719,0.38719735598199967,4.008352926914482,0.24637255788076973,0.23872445873555928,0.451759575450259,-0.15845333872783296,0.3526310683324836,-0.3837962902559089,0.5077980391172857,4
1.2907636723368316,1.020074302350832,-1.6800985521049483,-0.8801760547621895,0.7499796478248255,0.8128795579639023,0.5649596331412664,-0.3716806162875501,0.1205321523691194,0.04912027252211715,6
-5.163406406912716,-1.2398771090855445,0.06999154349257009,-0.7540677431735403,-0.7141079997612575,-0.6924222647498108,-0.14342066460125247,-0.4805324454318347,-1.1788458809497795,-0.2912715232078171,2
1.0183196015959144,1.0802576159070978,1.8961990277787244,2.260357310014071,-1.4886202069475243,0.4962608524614245,-0.014516053943311902,0.4033533272456775,0.9856019472368787,-1.0350620686521685,1
0.8909539081913462,0.4169383952500585,0.42515764099003583,-1.5347196912674692,1.464063824797023,0.4824266687981771,-0.20685878168578398,-0.1676841222262897,0.07965310996960007,0.017043300650977866,6
0.6279270587408301,-0.24159069949613143,-1.3059876210733259,-0.18589070199296232,0.8392439867921843,-0.7752389242139814,-0.15863445542001664,-0.05898926540869165,-0.3745570203746751,0.24565556161688656,3
-4.913508931760914,2.060321945406495,-0.3278627579283244,2.927479494326205,-0.4828500217760934,0.5947427166062218,0.04311836676217329,-0.01706820718033382,-0.394662432875748,0.5879893828742424,3
2.160938148814248,-0.10681003490549978,-1.2754956760433902,0.3627042745963464,-0.5898967121512355,-0.18374153353350908,-0.045249808393508395,-0.032588468638803825,0.02450987689214701,0.18306126688637925,2
0.9088079967141834,0.5276663868239028,0.3113194838669531,-1.5153877040673025,1.6702262892828934,0.4310065658323581,-0.329685513793731,-0.24517422617310003,0.02594515135135156,0.004737600402086539,6
1.1723454872598233,0.9346116456165842,-0.709080233056598,-0.05931143410151596,-0.4269281178430159,0.3093018101125631,-0.6255384983402262,0.4214984014919957,-0.8953477996825558,0.3987990645642545,5
1.3391818897468082,0.7345587099294352,-1.056781409617144,0.9065282516043928,0.5873382531889164,-2.0312825861671695,0.5604423962349362,-1.5617723829928891,0.9841848079802493,-0.2221255957945663,1
-0.4407195571284349,0.8040386100493376,-1.112118288933058,-0.3189701313174871,-1.1458768781802826,-1.3158588152551238,0.3386328539101159,1.2290406243352718,0.12853240334683935,0.3727031111338421,3
-1.2942275688876443,-1.7150116639157882,0.027526027765470973,1.1629702263553705,1.1060872324831885,0.2821672207445942,-0.7761367905343567,-0.48536812651109074,0.3183073338863971,-0.7466692438358202,0
1.2206591537193427,1.2240785320942247,-1.1468179168899508,-0.8335657286766003,0.9854690754734229,0.9602079469301297,0.3297902546491286,-0.05073976035953076,0.19784053657494027,0.038095667279672674,6
1.2354691512171674,0.6798479541256027,-1.3948350976598733,-0.8807803987929896,0.26972977933037845,1.0408247221447906,0.6739906614470882,-0.3904192780113702,0.05521790725503317,0.09686522799914832,6
3.910096425511874,-1.4230338522641626,-0.19390263478380354,0.7387024357684991,1.2547830092934797,0.35191440755925574,0.6232029718306095,0.9040060332010458,-0.20333713319984525,0.6001637538654636,2
-3.915307975727758,-2.256704399929399,0.42335158497767544,-0.21288094679334413,-0.19310417812553385,-0.9812970510638807,0.794132985982903,0.4592308042506923,0.27532378402568813,0.7431887912833997,0
0.8905599634299631,-0.04039115547951644,1.066051496430879,-0.23232890453307253,0.11935408237814496,-1.2174835556809744,-0.6926186916168281,-0.4794025293092079,-0.03808181237481323,0.04513380996544064,1
-5.198957338882321,-0.05839478502500539,-1.254498226538159,0.2763551172568547,1.4948058973689817,-0.5282598377666159,-0.3894156753390474,-0.1354344464386259,-0.9426181060939132,0.7780960063519073,2
0.8512544390327621,-0.1508737455234982,0.9800149634555044,-1.40959292667423,-0.4304984715805734,0.7010248978091098,0.03507337223244533,-0.06809892329156508,0.3339598968682842,0.04123298835495498,6
1.3499014126247988,0.5952346834246601,-2.340021626564794,1.472324302451147,0.46379740396690927,0.18372211807003525,0.9786852637417015,1.3705860456799337,-0.07532613083138484,-0.4909249458130412,4
-4.20594249033013,-0.21980663110665583,0.13330490500240433,-1.1606251773333025,-1.242932326159168,0.2881218988731178,0.3694717132950657,-0.20553030628252977,-0.2893163013605933,-0.7674857000017794,5
-4.8618557592434595,0.36242149412144165,-2.180159243553061,1.681503200680354,-0.5882119761961823,1.213908820196165,-0.2778567482964993,-0.7212506175883608,0.19032517344437316,0.27520444946301825,2
1.1588617869728668,0.5112535195636944,-0.7397634494864598,-0.7497122451980112,-0.5410293558841488,1.5027946454653345,0.6408793133838308,-0.16909943526217797,0.08795336784607555,0.1367817545844741,6
1.2183367725320786,0.7766054628066003,-0.8470611917635831,0.2653699833044022,-0.6913014753256429,0.7437141855152676,0.019829215551826374,0.35679241895397507,0.45727747004559305,0.033564519769845924,4
-5.009024197484999,0.3335370023501839,-1.056248012411769,1.2407031368288783,-0.26786659066474783,0.5646046766051072,-1.0924242527265071,-0.3836240034471823,1.0428151729722375,0.7978894858515344,1
0.5767394819479241,-2.6272825869818455,0.9898235251876275,0.4507574382823733,-0.1802830940727381,0.5277358979161293,-0.7863029517777403,-0.9998055033814535,0.4842201380386806,0.15962632114932518,0
0.7902315501477895,-0.5065661569939942,0.2870915809787804,-1.2420412218424721,0.03871082544118675,-0.6830873578451943,0.5219688981242189,0.6442960088775377,-0.4515155905974648,-0.6349157021350673,4
-0.6739395445626911,0.6012151555235153,-1.7180114766659365,-0.5565633196372217,0.10094510561487102,-0.6230851402350213,0.17115030368922446,-0.06838525491954517,-0.7311056436309793,-0.6717739744428912,4
0.14180329659826119,0.08540493734403476,-0.3528087121640602,-0.12879207575465856,0.27823535277738853,-0.15642060738132113,-0.18348721301150073,0.2658466473362304,0.2536192208625532,0.11325215643804964,3
3.2942154076052237,-1.731480919074217,-0.37651171506383063,1.0921569831990832,-0.45136609153066143,0.2261343666228135,-0.08159524568919452,-0.36683637362766186,0.6266595855047683,0.3281203916681612,0
1.2922389639558725,2.450839614957425,-0.002846817869852525,-0.09287673899804028,0.46781830542132474,-0.6224179832890977,0.7383043099445192,-0.5594021148369144,0.4215859043146102,-0.059857588308584175,5
-5.335792103914857,-0.3230608591446417,-0.013395874806988117,0.006981143695682146,0.44441087076935104,0.43765470550804686,-0.18677187909783755,0.08017705459140645,-0.7952869541941932,-0.40221127045228094,4
1.5320607462625708,1.930561533180187,-2.3642125056120173,-0.9584914662010489,-0.12521340269135836,-1.455197041152619,-0.21457219983724418,-0.0006782432406492456,0.16791369895025987,-0.04997473538830738,4
3.783163378670671,-1.5977872843650363,0.582692214409709,-0.16849943526302558,0.778793408788149,-0.12589227648581436,0.4847290152944853,0.7948670107965689,-0.2325930398574445,0.5441322613343659,2
0.9761750762613127,0.39464496868322063,0.8725188783992098,0.8495891612034511,0.04174488502575513,-0.7428911436285068,0.16732436655854344,-0.7995858611493443,-0.7561708651527193,0.4495884469625575,2
0.9042553462938984,-1.2444633142850878,-0.10534239669825962,-0.6483669011710498,-0.038926512542546435,-1.1785501008394705,-0.24633644391238707,-0.555214380437508,0.3431837866707217,-0.8907577608177175,1
1.4906110278042872,1.8631253222068027,-2.1756722117791814,-0.6549657380202449,0.015315590847880353,-1.2306861963113676,-0.24633866923581238,0.2115775211706431,0.1816356486331827,-0.004695963915674062,4
0.7628327282628017,-1.6588371931493109,0.2675609913250431,1.4580278990707483,0.705826800076493,0.9298976133446615,-0.5397386948800442,-0.21511241041782037,-0.1816352893996278,-0.4511858351740516,1
0.8822496111162976,0.413448600484156,0.43432139285410853,-1.5334024412173382,1.5797554849452347,0.5182599074339058,-0.24800464381509146,-0.1981631501092853,0.02015356875505292,0.02482914384728324,6
1.138861392537201,0.6164117520047633,-0.6943289697312462,-1.5692585858688866,0.12628404540527272,0.5241233952430386,0.4287099949705294,-0.45020080499541604,0.19513483951275523,-0.007734113497333273,6
-5.198588520885191,-1.0224458718167804,-0.9761385572508592,1.4000686037862378,-0.0036256140689139432,0.32200472717061523,0.8992102686517162,0.44539722575160123,0.9181274621156867,-0.47258727143863294,1
1.0318384334181263,-0.7067197639316387,-0.717564897374084,0.013511312872993342,-0.13407311088439938,0.7863970019756503,0.14135315271732318,-0.5324767486677504,-0.28043929658098143,0.31449570591713044,4
-3.0949274479568083,0.0643614115868454,-0.4732032382124245,-1.280798112278837,-0.3598206148337897,-0.9038151415223488,0.9562763263740658,0.7134451712211766,-0.07809599415844337,-0.6561071041341329,4
